prompt,response,Run,originality,elaboration
brick,Paint it and use it as a bookend,run 1,2.0,8.0
brick,Glue magnets to it for a magnetic key holder,run 1,3.0,9.0
brick,Break it to create mosaic art,run 1,2.0,6.0
brick,Attach wheels to create a movable garden stool,run 1,3.0,8.0
brick,String together for a unique outdoor wind chime,run 1,3.0,8.0
brick,Use as a rustic paperweight,run 1,1.0,5.0
brick,Place in a flower bed for a makeshift plant stand,run 1,2.0,10.0
brick,Create a mini tabletop fountain using it as a base,run 1,3.0,10.0
brick,Transform into a DIY candle holder,run 1,3.0,6.0
brick,Build a small outdoor oven for baking,run 1,1.5,7.0
brick,Use as a weight during workout routines,run 1,1.0,7.0
brick,Paint it and use as a creative bookshelf support,run 1,2.5,9.0
brick,Carve it to make a personalized stamp,run 1,3.0,7.0
brick,Reassemble into a mini labyrinth for tabletop games,run 1,3.0,8.0
brick,Utilize as a makeshift hammer for light DIY projects,run 1,2.0,9.0
brick,Use as a base for a homemade bird bath,run 1,2.0,9.0
brick,Stack for a DIY step stool,run 1,1.5,6.0
brick,Create a unique picture frame by embedding it,run 1,3.0,8.0
brick,Paint numbers on it for a stylish house number plaque,run 1,2.0,10.0
brick,Carve out to form a quirky flower pot,run 1,3.0,8.0
brick,Turn into a garden marker with plant names engraved,run 1,3.0,9.0
brick,Use as a spacer to level furniture,run 1,1.7,7.0
brick,Convert into a mini succulent garden planter,run 1,3.0,7.0
brick,Transform into a rustic paper organizer,run 1,3.0,6.0
brick,Secure a cushion on top for a DIY meditation seat,run 1,3.0,10.0
brick,Paint as a quirky door decoration,run 1,2.0,6.0
brick,Embed in a wall for a textured design element,run 1,1.0,9.0
brick,Decorate as a unique bookend,run 1,2.0,5.0
brick,Transform into a DIY phone holder for charging,run 1,3.0,8.0
brick,Use as a paper stack guide for office organization,run 1,3.0,9.0
brick,Create rustic coasters by cutting into smaller pieces,run 1,3.0,8.0
brick,Fashion into a personalized pet feeding station,run 1,3.0,7.0
brick,Use as a base for a DIY clock,run 1,3.0,8.0
brick,Stack and top with glass for a DIY side table,run 1,3.0,10.0
brick,Turn into a decorative shelf bracket,run 1,2.0,6.0
brick,Use as a door knocker with added embellishments,run 1,2.0,8.0
brick,Transform into a unique kitchen trivet,run 1,3.0,6.0
brick,Attach hooks for a rustic jewelry organizer,run 1,3.0,7.0
brick,Carve out for a personalized incense holder,run 1,3.0,7.0
brick,Paint and hang on a wall as a rustic key holder,run 1,3.0,11.0
brick,Create a rustic curtain tieback with rope,run 1,3.0,7.0
brick,Build a mini dollhouse with repurposed bricks,run 1,2.0,7.0
brick,Turn into a quirky door handle,run 1,3.0,6.0
brick,Transform into a hanging planter with rope,run 1,3.0,7.0
brick,Carve out compartments for a unique desk organizer,run 1,3.0,8.0
brick,Use as a base for a DIY tabletop fountain,run 1,3.0,9.0
brick,Paint it and convert into a mini book safe,run 1,3.0,9.0
brick,Stack for a DIY outdoor barbecue grill,run 1,2.0,7.0
brick,Create a rustic napkin holder for the dining table,run 1,3.0,9.0
brick,Fashion into a unique serving platter for parties,run 1,3.0,8.0
brick,Turn into a decorative message board,run 1,3.0,6.0
brick,Attach a mirror for a rustic vanity tray,run 1,3.0,8.0
brick,Use as a base for a DIY speaker stand,run 1,3.0,9.0
brick,Create a mini herb garden planter,run 1,2.0,6.0
brick,Fashion into a rustic wine rack,run 1,3.0,6.0
brick,Attach knobs for a DIY coat rack,run 1,3.0,7.0
brick,Use as a base for a DIY table lamp,run 1,3.0,9.0
brick,Transform into a rustic book stand,run 1,3.0,6.0
brick,Turn into a quirky drawer pull for furniture,run 1,3.0,8.0
brick,Stack and secure as a DIY bookshelf,run 1,2.0,7.0
brick,Attach legs for a makeshift side table,run 1,3.0,7.0
brick,Fashion into a personalized door knocker,run 1,3.0,6.0
brick,Turn into a quirky soap dish,run 1,3.0,6.0
brick,Embed in a pathway for a unique garden stepping stone,run 1,1.7,10.0
brick,Carve out for a rustic pencil holder,run 1,3.0,7.0
brick,Use as a makeshift doorstopper for heavy doors,run 1,1.0,8.0
brick,Use as a base for a DIY pen holder,run 1,3.0,9.0
brick,Stack for a rustic DIY plant stand,run 1,2.0,7.0
brick,Convert into a mini birdhouse,run 1,3.0,5.0
brick,Paint and use as a rustic jewelry display,run 1,3.0,8.0
brick,Create a DIY table centerpiece with candles,run 1,2.0,7.0
brick,Turn into a unique tissue box holder,run 1,3.0,7.0
brick,Stack for a makeshift fire pit,run 1,1.7,6.0
brick,Carve out for a personalized napkin ring,run 1,3.0,7.0
brick,Use as a frame holder for displaying art,run 1,2.0,8.0
brick,Attach hooks and hang as a rustic pot rack,run 1,3.0,9.0
brick,Fashion into a unique paper towel holder,run 1,3.0,7.0
brick,Turn into a quirky book weight for reading,run 1,2.0,8.0
brick,Stack for a DIY outdoor seating arrangement,run 1,1.5,7.0
brick,Paint it and turn it into a quirky doorstop.,run 2,2.0,9.0
brick,Arrange several to create a unique outdoor coffee table.,run 2,2.0,9.0
brick,Use it as a weight to hold down a picnic blanket.,run 2,1.7,11.0
brick,Build a mini wall for your succulent garden.,run 2,1.0,8.0
brick,Turn it into a rustic photo display holder.,run 2,3.0,8.0
brick,Paint numbers on it for a DIY outdoor hopscotch game.,run 2,3.0,10.0
brick,Create a makeshift dumbbell for home workouts.,run 2,1.7,7.0
brick,Use it as a doorstop for a sturdy hold.,run 2,1.0,9.0
brick,Turn it into a garden marker for your plants.,run 2,2.0,9.0
brick,Stack them to make a plant stand.,run 2,1.7,7.0
brick,Create a base for a DIY table lamp.,run 2,3.0,8.0
brick,Use it as a makeshift hammer in a pinch.,run 2,1.7,9.0
brick,Turn it into a unique paperweight for your desk.,run 2,1.7,9.0
brick,Paint faces on them for outdoor tic-tac-toe game pieces.,run 2,3.0,9.0
brick,Make a DIY pet doorstop for a playful touch.,run 2,2.0,9.0
brick,Use it as a simple stand for a tabletop mirror.,run 2,2.0,10.0
brick,Paint it and use it as a unique door knocker.,run 2,2.0,10.0
brick,Create a stylish bookshelf using stacked bricks.,run 2,2.0,7.0
brick,Turn it into a candle holder for outdoor dinners.,run 2,3.0,9.0
brick,Attach hooks to it for a rustic key holder.,run 2,3.0,9.0
brick,Use it as a prop in a garden gnome setup.,run 2,3.0,10.0
brick,Stack them with wood planks for a makeshift shoe rack.,run 2,2.0,10.0
brick,Paint it and turn it into a quirky garden gnome.,run 2,3.0,10.0
brick,Arrange them as a foundation for a small outdoor table.,run 2,1.7,10.0
brick,Use it to hold down a tablecloth during outdoor picnics.,run 2,2.0,10.0
brick,Turn it into a rustic serving tray with handles.,run 2,3.0,9.0
brick,Paint it with chalkboard paint for a reusable note holder.,run 2,3.0,10.0
brick,Arrange them as a border for a garden pathway.,run 2,1.0,9.0
brick,Use it as a planter for small herbs or flowers.,run 2,2.0,10.0
brick,Create a DIY garden sculpture by stacking bricks artistically.,run 2,2.0,9.0
brick,Turn it into a stemware holder for your kitchen.,run 2,3.0,9.0
brick,"Paint it as a doorstop and label it with ""Open"" or ""Closed"".",run 2,2.0,12.0
brick,Use it as a base for a DIY table centerpiece.,run 2,2.5,10.0
brick,Turn it into a decorative book stand for your shelves.,run 2,2.0,10.0
brick,Stack them to create a unique outdoor sitting bench.,run 2,1.7,9.0
brick,Paint it and turn it into a door decoration hanger.,run 2,2.0,10.0
brick,Create a tic-tac-toe board using painted bricks.,run 2,3.0,7.0
brick,Attach a hook and use it as a hanging plant holder.,run 2,3.0,11.0
brick,Combine them to form a sturdy outdoor step platform.,run 2,1.0,9.0
brick,Use it as a paperweight with a useful purpose.,run 2,1.0,9.0
brick,Paint it and stack to make a rustic outdoor side table.,run 2,2.0,11.0
brick,Turn it into a creative doorbell holder.,run 2,3.0,7.0
brick,Arrange them as a base for an outdoor umbrella stand.,run 2,1.7,10.0
brick,Use it as a stand for a small potted plant.,run 2,2.0,10.0
brick,Paint it to resemble a favorite book for a quirky display.,run 2,3.0,11.0
brick,Create a DIY coasters set with painted brick pieces.,run 2,3.0,9.0
brick,Attach hooks to it for a rustic jewelry holder.,run 2,3.0,9.0
brick,Stack them to create a makeshift outdoor grill station.,run 2,2.0,9.0
brick,Turn it into a base for a DIY outdoor lamp post.,run 2,3.0,11.0
brick,Use it as a base for a decorative house number display.,run 2,2.0,11.0
brick,Paint it and use it as a unique photo frame stand.,run 2,3.0,11.0
brick,Arrange them as a base for a DIY bird bath.,run 2,2.0,10.0
brick,Turn it into a stylish napkin holder for outdoor dining.,run 2,3.0,10.0
brick,Create a mini Zen garden using small bricks.,run 2,3.0,8.0
brick,Stack them to form a unique outdoor shelving unit.,run 2,2.0,9.0
brick,Use it as a doorstop with a painted inspirational quote.,run 2,3.0,10.0
brick,Turn it into a base for a DIY outdoor water fountain.,run 2,3.0,11.0
brick,Paint it and attach strings for a rustic wind chime.,run 2,3.0,10.0
brick,Arrange them to create a DIY outdoor chessboard.,run 2,3.0,8.0
brick,Use it as a base for a DIY garden lantern post.,run 2,2.0,11.0
brick,Turn it into a whimsical fairy door for your garden.,run 2,3.0,10.0
brick,Create a layered candle holder by stacking bricks.,run 2,3.0,8.0
brick,Paint it and turn it into a stylish paper towel holder.,run 2,3.0,11.0
brick,Arrange them as a base for a DIY outdoor clock.,run 2,3.0,10.0
brick,Use it as a unique spot to display a tabletop plant.,run 2,3.0,11.0
brick,Turn it into a rustic tabletop trivet for hot dishes.,run 2,3.0,10.0
brick,Paint it with a grid for a DIY outdoor tic-tac-toe game.,run 2,3.0,11.0
brick,Stack them to build a sturdy outdoor bench.,run 2,1.0,8.0
brick,Turn it into a decorative shelf bracket with paint.,run 2,2.0,9.0
brick,Use it as a base for a DIY outdoor topiary tree.,run 2,3.0,11.0
brick,Create a DIY garden border by stacking bricks.,run 2,1.0,8.0
brick,Paint it as a whimsical outdoor garden bug.,run 2,3.0,8.0
brick,Arrange them to make a sturdy outdoor book stand.,run 2,3.0,9.0
brick,Use it as a base for a small tabletop sculpture.,run 2,2.0,10.0
brick,Turn it into a rustic paper towel holder for the kitchen.,run 2,3.0,11.0
brick,Paint it and use as a base for a DIY outdoor gnome.,run 2,3.0,12.0
brick,Stack them to form a unique outdoor plant stand.,run 2,2.0,9.0
brick,Turn it into a creative doorstop with a literary theme.,run 2,3.0,10.0
brick,Arrange them to create a DIY outdoor checkers board.,run 2,3.0,9.0
brick,Use it as a base for a DIY outdoor bird feeder.,run 2,3.0,11.0
brick,Paint it with patterns for a quirky outdoor decoration.,run 2,2.0,9.0
brick,Stack them as a sturdy base for an outdoor statue.,run 2,1.5,10.0
brick,Paint it as a decorative doorstop,run 3,2.0,6.0
brick,Create a makeshift dumbbell by attaching a handle,run 3,2.0,8.0
brick,Build a mini garden wall,run 3,1.0,5.0
brick,DIY paperweight by gluing with fabric,run 3,2.0,6.0
brick,Smashing tool for garlic or nuts,run 3,3.0,6.0
brick,Hold down a beach blanket on windy days,run 3,1.7,8.0
brick,Use it to prop open a jammed door,run 3,1.0,8.0
brick,As a base for a makeshift outdoor table,run 3,1.7,8.0
brick,Turn it into a rustic picture frame,run 3,3.0,7.0
brick,Use it as a weight for a homemade balance scale,run 3,2.0,10.0
brick,Anchor for a DIY hammock stand,run 3,2.0,6.0
brick,Secure tent poles in windy camping conditions,run 3,1.5,7.0
brick,Make a garden border or pathway edging,run 3,1.0,7.0
brick,Add wheels to create a movable plant stand,run 3,3.0,8.0
brick,Rustic doorstop with a touch of paint,run 3,2.0,7.0
brick,Use as a base for a DIY water fountain,run 3,2.0,9.0
brick,Create a unique bookshelf support,run 3,2.0,5.0
brick,Anchor for securing a backyard trampoline,run 3,2.0,6.0
brick,Make a sturdy door knocker with rope and paint,run 3,3.0,9.0
brick,Add a cushion and transform it into a meditation seat,run 3,3.0,10.0
brick,Use as a paper-towel holder in the kitchen,run 3,3.0,8.0
brick,Attach a mirror to make a cool wall decor,run 3,3.0,9.0
brick,Use as a prop for photography backdrops,run 3,2.5,7.0
brick,Build a small birdhouse on top,run 3,1.7,6.0
brick,Turn it into a doorbell pedestal,run 3,3.0,6.0
brick,Use as a holder for garden hose reel,run 3,2.5,8.0
brick,Make a mini-vertical garden by stacking,run 3,3.0,6.0
brick,Attach hooks to hang keys or jewelry,run 3,3.0,7.0
brick,Create a rustic picture frame stand,run 3,3.0,6.0
brick,Enhance it with mosaic tiles for a garden ornament,run 3,3.0,9.0
brick,Construct a simple outdoor bar counter,run 3,1.0,6.0
brick,Support for a DIY swing in a backyard,run 3,2.0,8.0
brick,Use as a weight for outdoor tablecloth,run 3,2.0,7.0
brick,Paint and stack for a unique footstool,run 3,3.0,7.0
brick,Base for a DIY outdoor mini fireplace,run 3,2.0,7.0
brick,Convert into a unique bathroom towel holder,run 3,3.0,7.0
brick,Build an outdoor dog feeding station,run 3,1.7,6.0
brick,Stencil and use as a rustic door sign,run 3,3.0,8.0
brick,Create a heavy-duty plant pot riser,run 3,2.0,6.0
brick,Attach a chalkboard for a rustic outdoor message board,run 3,3.0,9.0
brick,Turn into a unique paper towel holder,run 3,3.0,7.0
brick,Incorporate it into a DIY outdoor pizza oven,run 3,2.0,8.0
brick,Paint and stencil for a garden stepping stone,run 3,2.0,8.0
brick,Modify as a stylish letter or magazine holder,run 3,3.0,8.0
brick,Use it as a book stand for recipe books,run 3,2.0,9.0
brick,Build a low-cost outdoor bench,run 3,1.0,5.0
brick,Secure outdoor tarp during camping trips,run 3,2.0,6.0
brick,Convert into a stylish mailbox stand,run 3,2.0,6.0
brick,Create a base for a DIY patio umbrella stand,run 3,1.5,9.0
brick,Use as a centerpiece for a rustic table setting,run 3,2.5,9.0
brick,Base for a DIY outdoor lantern stand,run 3,3.0,7.0
brick,Add a mirror to make a unique vanity tray,run 3,3.0,9.0
brick,Decorate and make a stylish DIY coasters,run 3,2.0,7.0
brick,Build a mini outdoor barbeque grill,run 3,1.5,6.0
brick,Craft a modern wall clock with stencils and clock parts,run 3,3.0,10.0
brick,Secure outdoor curtains for patio privacy,run 3,2.0,6.0
brick,Use as a stepping stool for reaching high shelves,run 3,1.7,9.0
brick,Turn it into a tabletop fountain base,run 3,3.0,7.0
brick,Attach a hanging planter for a unique garden display,run 3,3.0,9.0
brick,Use as a weight for a makeshift workout station,run 3,1.0,9.0
brick,Base for a DIY garden hose holder,run 3,2.0,7.0
brick,Create a rustic tabletop sculpture,run 3,2.0,5.0
brick,Construct a homemade wine rack,run 3,2.0,5.0
brick,Secure a backyard volleyball net post,run 3,1.7,6.0
brick,Make a unique outdoor candle holder,run 3,3.0,6.0
brick,Add rope handles for a decorative serving tray,run 3,3.0,8.0
brick,Stencil numbers on it for a rustic house number display,run 3,3.0,10.0
brick,Use as a base for a DIY outdoor sink,run 3,2.0,9.0
brick,Anchor for securing a backyard swing set,run 3,1.7,7.0
brick,Turn it into a planter for succulents or herbs,run 3,3.0,9.0
brick,Paint and add hooks for a rustic jewelry hanger,run 3,3.0,9.0
brick,Base for a DIY outdoor table umbrella holder,run 3,2.0,8.0
brick,Transform into a unique napkin holder for dining,run 3,3.0,8.0
brick,Create a rustic clock base for a mantel clock,run 3,3.0,9.0
brick,Attach a chalkboard top for a rustic serving tray,run 3,4.5,9.0
brick,Design a DIY outdoor shower base,run 3,2.0,6.0
brick,Use as a weight for a makeshift punching bag,run 3,1.7,9.0
brick,Build a low-cost outdoor coffee table,run 3,1.7,6.0
brick,Secure outdoor tablecloths for picnics,run 3,2.0,5.0
brick,Fashion a rustic photo display stand,run 3,3.0,6.0
brick,Incorporate it into a DIY outdoor sink station,run 3,2.0,8.0
brick,Make a sturdy mount for a backyard bird feeder,run 3,3.0,9.0
brick,Use as a weight for a DIY resistance band anchor,run 3,2.0,10.0
brick,Paint it and turn it into a colorful garden decoration,run 4,2.0,10.0
brick,Stack them to create a makeshift side table,run 4,2.0,8.0
brick,Use it as a doorstop,run 4,1.0,5.0
brick,Break it into pieces and create mosaic art,run 4,2.0,8.0
brick,Use it as a weight for exercise,run 4,1.0,7.0
brick,Incorporate it into a DIY outdoor barbecue pit,run 4,2.0,8.0
brick,Paint it as a unique paperweight for your desk,run 4,2.0,9.0
brick,Use it as a hammer substitute for light tasks,run 4,2.0,9.0
brick,Turn it into a rustic paper towel holder,run 4,3.0,8.0
brick,Carve it into a personalized garden marker,run 4,3.0,7.0
brick,Utilize it as a base for a homemade bird feeder,run 4,2.5,10.0
brick,Stack them to make a tiered plant stand,run 4,2.0,8.0
brick,Decorate it and use it as a paper organizer,run 4,3.0,9.0
brick,Turn it into a unique door knocker,run 4,2.0,7.0
brick,Create a DIY place card holder for events,run 4,3.0,8.0
brick,Use it as a base for a tea light holder,run 4,3.0,10.0
brick,Build a mini pond feature in your garden using one,run 4,1.7,10.0
brick,Turn it into a key holder by attaching hooks,run 4,3.0,9.0
brick,Paint it and utilize it as a creative bookshelf end,run 4,3.0,10.0
brick,Use it as a makeshift nutcracker,run 4,3.0,6.0
brick,Incorporate it into a lantern stand design,run 4,3.0,7.0
brick,Stack them to make a fireplace wood holder,run 4,1.7,8.0
brick,Turn it into a unique picture frame,run 4,3.0,7.0
brick,Create a personalized garden stepping stone,run 4,2.0,6.0
brick,Use it as a base for a DIY plant stand,run 4,2.0,10.0
brick,Carve it into a taper candle holder,run 4,3.0,7.0
brick,Paint it and turn it into a utensil holder,run 4,3.0,9.0
brick,Utilize it as a makeshift door knocker,run 4,2.0,7.0
brick,Stack them to make a rustic table centerpiece,run 4,2.0,8.0
brick,Incorporate it into a DIY jewelry holder,run 4,3.0,7.0
brick,Turn it into a garden border edging,run 4,1.5,7.0
brick,Use it as a weight to hold down outdoor decorations,run 4,1.5,10.0
brick,Paint it to make a decorative doorstop,run 4,2.0,7.0
brick,Stack them to make a unique side table,run 4,2.0,8.0
brick,Turn it into a creative garden sculpture,run 4,2.0,7.0
brick,Create a personalized pet food bowl stand,run 4,3.0,7.0
brick,Use it as a base for a DIY lamp stand,run 4,2.0,10.0
brick,Carve it into a themed holiday decoration,run 4,3.0,7.0
brick,Paint it and create a unique trivet,run 4,3.0,7.0
brick,Stack them to make a rustic bookshelf,run 4,2.0,7.0
brick,Utilize it as a base for a table lamp,run 4,2.0,9.0
brick,Turn it into a plant pot stand,run 4,2.0,7.0
brick,Use it as a weight for outdoor activities like picnics,run 4,1.7,10.0
brick,Incorporate it into a DIY garden fountain design,run 4,2.0,8.0
brick,Stack them to make a sturdy garden bench,run 4,1.7,8.0
brick,Turn it into a colorful garden border marker,run 4,2.0,8.0
brick,Create a personalized garden art piece,run 4,2.0,6.0
brick,Use it as a base for a DIY candle holder,run 4,3.0,10.0
brick,Paint it and turn it into a creative pen holder,run 4,2.5,10.0
brick,Carve it into a unique soap dish,run 4,3.0,7.0
brick,Stack them to create a mini outdoor fireplace,run 4,1.7,8.0
brick,Utilize it as a make-shift workout tool,run 4,1.7,7.0
brick,Turn it into a personalized garden plaque,run 4,2.0,7.0
brick,Incorporate it into a DIY outdoor lantern design,run 4,3.0,8.0
brick,Use it as a paperweight for windy days,run 4,1.0,8.0
brick,Paint it and turn it into a unique bookend,run 4,2.0,9.0
brick,Stack them to make a sturdy outdoor stool,run 4,1.7,8.0
brick,Turn it into a creative tabletop decoration,run 4,2.0,7.0
brick,Create a personalized garden nameplate,run 4,2.0,5.0
brick,Use it as a base for a DIY vase stand,run 4,3.0,10.0
brick,Carve it into a personalized garden artwork,run 4,3.0,7.0
brick,Stack them to build a pyramid garden feature,run 4,1.0,8.0
brick,Utilize it as a base for a DIY plant hanger,run 4,3.0,10.0
brick,Turn it into a rustic garden pathway border,run 4,1.8,8.0
brick,Use it as a placeholder for garden hoses,run 4,2.0,8.0
brick,Incorporate it into a DIY outdoor sculpture,run 4,2.0,7.0
brick,Paint it and use it as a rustic book stand,run 4,3.0,10.0
brick,Stack them to make a sturdy outdoor bar table,run 4,2.0,9.0
brick,Turn it into a unique garden signpost,run 4,2.0,7.0
brick,Create a personalized garden memorial stone,run 4,2.0,6.0
brick,Use it as a base for a DIY flower vase holder,run 4,3.0,11.0
brick,Carve it into a functional soap holder,run 4,3.0,7.0
brick,Stack them to build a rustic garden archway,run 4,1.0,8.0
brick,Utilize it as a base for a homemade bird bath,run 4,2.0,10.0
brick,Turn it into a creative garden toadstool,run 4,3.0,7.0
brick,Paint it for a colorful outdoor seating feature,run 4,2.0,8.0
brick,Incorporate it into a DIY fairy garden design,run 4,3.0,8.0
brick,Use it as a weight to hold down outdoor tablecloths,run 4,2.0,10.0
brick,Stack them to create a unique outdoor bar counter,run 4,2.0,9.0
brick,Turn it into a personalized garden stepping stone,run 4,2.0,8.0
brick,Create a unique garden border using painted bricks,run 4,2.0,8.0
brick,Use it as a base for a DIY garden sculpture stand,run 4,2.5,11.0
brick,Carve it into a decorative candle holder,run 4,3.0,7.0
brick,Arrange a few to create a makeshift coffee table  ,run 5,2.0,9.0
brick,Turn it into a bookend for heavy books  ,run 5,1.0,8.0
brick,Wrap it in fabric to make a unique paperweight  ,run 5,2.0,9.0
brick,Use it as a rustic garden border  ,run 5,1.0,7.0
brick,Create a DIY weight for exercising  ,run 5,1.0,6.0
brick,Build a base for a birdhouse  ,run 5,1.0,6.0
brick,Use it as a hammer in a pinch  ,run 5,2.0,8.0
brick,Glue magnets to it to make a magnetic board  ,run 5,3.0,9.0
brick,Turn it into a pedestal for a sculpture  ,run 5,2.0,8.0
brick,Use it as a prop in a theatrical performance  ,run 5,2.0,9.0
brick,Make a rustic headboard by stacking several  ,run 5,2.0,7.0
brick,Build a small raised platform for a pet bed  ,run 5,1.7,9.0
brick,Fashion it into a unique door knocker  ,run 5,2.0,7.0
brick,Use it as a holder for incense sticks  ,run 5,3.0,8.0
brick,Build a DIY outdoor fireplace  ,run 5,1.0,5.0
brick,Create a personalized stepping stone for a garden  ,run 5,2.0,8.0
brick,Connect multiple to construct a sturdy step stool  ,run 5,1.0,8.0
brick,Turn it into a base for a table lamp  ,run 5,3.0,9.0
brick,Use it as a makeshift nutcracker  ,run 5,3.0,6.0
brick,Fashion a unique doorstop by wrapping it in rope  ,run 5,2.0,9.0
brick,Turn it into a door holder to prevent slamming  ,run 5,1.0,9.0
brick,Fashion it into a makeshift candle holder  ,run 5,3.0,7.0
brick,Use it as a tool for pounding meat thin  ,run 5,2.0,9.0
brick,Build a minimalist outdoor candle holder  ,run 5,2.0,6.0
brick,Turn it into an outdoor herb garden marker  ,run 5,3.0,8.0
brick,Fashion it into a unique bookshelf support  ,run 5,2.0,7.0
brick,Create a rustic book stand for reading  ,run 5,2.0,7.0
brick,Use it as a base for a DIY sundial  ,run 5,3.0,9.0
brick,Turn it into a weight for holding down a picnic tablecloth  ,run 5,1.7,11.0
brick,Use it as a DIY garden label holder  ,run 5,2.0,8.0
brick,Connect several to make a unique outdoor bench  ,run 5,1.7,8.0
brick,Build a base for a DIY outdoor shower  ,run 5,1.0,8.0
brick,Turn it into a decorative back scratcher  ,run 5,3.0,7.0
brick,Fashion it into a unique garden border  ,run 5,2.0,7.0
brick,Create a rustic pen holder for a desk  ,run 5,2.0,8.0
brick,Use it as a support for garden netting  ,run 5,2.0,8.0
brick,Turn it into a DIY photo display stand  ,run 5,3.0,8.0
brick,Build a sturdy base for a homemade bird bath  ,run 5,1.0,9.0
brick,Fashion it into a unique toothbrush holder for the bathroom  ,run 5,3.0,10.0
brick,Use it as a paperweight for large maps  ,run 5,2.0,8.0
brick,Turn it into a funky door handle  ,run 5,3.0,7.0
brick,Create a DIY drink coaster for outdoor use  ,run 5,2.0,8.0
brick,Build a small platform for a potted plant display  ,run 5,1.7,9.0
brick,Fashion it into a unique kitchen trivet  ,run 5,3.0,7.0
brick,Use it as a weight to press flowers  ,run 5,3.0,8.0
brick,Turn it into a unique outdoor table centerpiece  ,run 5,2.0,8.0
brick,Create a base for a homemade wind chime  ,run 5,3.0,8.0
brick,Build a raised platform for outdoor speakers  ,run 5,1.7,7.0
brick,Fashion an artsy key holder  ,run 5,3.0,5.0
brick,Use it as a rustic smartphone stand  ,run 5,3.0,7.0
brick,Turn it into a door decoration with paint and ribbon  ,run 5,2.0,10.0
brick,Create a unique kitchen spoon rest  ,run 5,3.0,6.0
brick,Build a portable step for reaching high places  ,run 5,1.0,8.0
brick,Fashion it into a unique plant pot holder  ,run 5,2.0,8.0
brick,Use it as a rustic bookmark for large books  ,run 5,3.0,9.0
brick,Turn it into a DIY camping stove base  ,run 5,3.0,8.0
brick,Create a garden-themed table number holder  ,run 5,3.0,6.0
brick,Build a sturdy base for a DIY outdoor umbrella stand  ,run 5,1.0,10.0
brick,Fashion it into a unique outdoor game piece  ,run 5,3.0,8.0
brick,Use it as a hammer to crack nuts  ,run 5,2.0,8.0
brick,Turn it into a placeholder for kitchen utensils  ,run 5,3.0,8.0
brick,Create a rustic base for a DIY outdoor clock  ,run 5,3.0,9.0
brick,Build a sturdy base for a homemade flag pole  ,run 5,1.0,9.0
brick,Fashion it into a unique outdoor lantern holder  ,run 5,3.0,8.0
brick,Use it as a weight for holding down a tent  ,run 5,1.5,10.0
brick,Turn it into a stand for a mini potted Christmas tree  ,run 5,3.0,11.0
brick,Create a gardening tool holder  ,run 5,2.0,5.0
brick,Build a base for a portable outdoor bar  ,run 5,2.0,8.0
brick,Fashion it into a unique outdoor candle holder  ,run 5,3.0,8.0
brick,Use it as a tool for DIY leather crafting  ,run 5,3.0,9.0
brick,Turn it into a base for a rustic outdoor mirror  ,run 5,3.0,10.0
brick,Create a weight for wrapping gifts  ,run 5,3.0,6.0
brick,Build a makeshift outdoor game board  ,run 5,2.0,6.0
brick,Fashion it into a unique outdoor plant stake  ,run 5,3.0,8.0
brick,Use it as a makeshift knitting loom  ,run 5,3.0,7.0
brick,Turn it into a unique sculpture base  ,run 5,2.0,7.0
brick,Create a DIY outdoor napkin holder  ,run 5,3.0,6.0
brick,Build a sturdy base for a homemade weather vane  ,run 5,3.0,9.0
brick,Fashion it into a rustic magazine holder  ,run 5,3.0,7.0
brick,Use it as a weight for flattening dough  ,run 5,3.0,8.0
brick,Turn it into a base for an outdoor drink dispenser  ,run 5,3.0,10.0
brick,Create a rustic place card holder for events  ,run 5,3.0,8.0
brick,Paint it and use it as a unique doorstop  ,run 6,2.0,9.0
brick,Stack a few together to create a makeshift coffee table  ,run 6,2.0,10.0
brick,Use it as a weight for outdoor fabric on a windy day  ,run 6,1.7,12.0
brick,Paint inspirational quotes on it and use it as a paperweight  ,run 6,3.0,11.0
brick,Wrap it in twine and use it as a rustic doorstop  ,run 6,2.0,11.0
brick,Fashion it into a plant stand in the garden  ,run 6,2.0,9.0
brick,Use it as a base for a DIY clock  ,run 6,3.0,9.0
brick,Place it in a garden to deter animals from trampling plants  ,run 6,1.5,11.0
brick,Hide a spare key in a hollowed-out brick  ,run 6,3.0,8.0
brick,Use it as a pedal for homemade foot-exercise equipment  ,run 6,3.0,9.0
brick,Paint it for a decorative garden border  ,run 6,2.0,7.0
brick,Use it as a handy paper organizer  ,run 6,2.0,7.0
brick,Transform it into a miniature pond fountain base  ,run 6,3.0,8.0
brick,Turn it into a unique door knocker  ,run 6,2.0,7.0
brick,Create a simple outdoor candle holder with stacked bricks  ,run 6,3.0,9.0
brick,Build a mini altar with it for meditation practice  ,run 6,3.0,9.0
brick,Use it as a paperweight in a DIY home office  ,run 6,1.0,10.0
brick,Attach a cushion and repurpose it as a seat  ,run 6,3.0,9.0
brick,Incorporate it into a homemade fruit crate  ,run 6,3.0,7.0
brick,Use it as a door stopper for a heavy door  ,run 6,1.0,10.0
brick,Make a garden stepping stone by decorating it  ,run 6,2.0,8.0
brick,Turn it into a phone stand for easy viewing  ,run 6,2.0,9.0
brick,Use it as a prop for gardening twine  ,run 6,2.0,8.0
brick,Build a simple bookshelf using stacked bricks  ,run 6,1.0,7.0
brick,Craft it into a bookend with charm  ,run 6,2.0,7.0
brick,Use it as a makeshift hammer or tool  ,run 6,1.7,8.0
brick,Paint it and turn it into a DIY trivet  ,run 6,3.0,9.0
brick,Use it as a garden hose holder  ,run 6,2.0,7.0
brick,Create a rustic photo display stand with it  ,run 6,3.0,8.0
brick,Stack a few to make a unique bedside table  ,run 6,2.0,9.0
brick,Turn it into a rustic spice rack in the kitchen  ,run 6,3.0,10.0
brick,Use it as a weight to hold down a picnic blanket  ,run 6,1.7,11.0
brick,Transform it into a reusable BBQ skewer holder  ,run 6,3.0,8.0
brick,Use it as a weight for pressing flowers  ,run 6,3.0,8.0
brick,Build a miniature fairy house with painted bricks  ,run 6,3.0,8.0
brick,Hang it up to use as a decorative mobile  ,run 6,3.0,9.0
brick,Turn it into a DIY bookend for a kid's room  ,run 6,2.0,10.0
brick,Use it to prop open a heavy gate  ,run 6,1.0,8.0
brick,Stack it to make a plant stand  ,run 6,1.7,7.0
brick,Paint it and repurpose it as an outdoor lantern  ,run 6,3.0,9.0
brick,Turn it into a pen holder for a trendy desk  ,run 6,2.0,10.0
brick,Use it as a weight for woodworking projects  ,run 6,1.7,8.0
brick,Create a garden marker for plants with it  ,run 6,2.0,8.0
brick,Turn it into a unique photo frame  ,run 6,3.0,7.0
brick,Use it as a rustic napkin holder  ,run 6,3.0,7.0
brick,Build a decorative wall shelf with it  ,run 6,1.8,7.0
brick,Transform it into a colorful desktop organizer  ,run 6,3.0,7.0
brick,Use it as a base for a homemade doorstop  ,run 6,1.0,9.0
brick,Paint it and repurpose it as a quirky lamp base  ,run 6,3.0,10.0
brick,Turn it into a paper towel holder for the kitchen  ,run 6,2.0,10.0
brick,Use it as a weight for hanging outdoor curtains  ,run 6,2.0,9.0
brick,Stack them to create a DIY fire pit  ,run 6,1.7,8.0
brick,Build a decorative mosaic with broken pieces  ,run 6,2.0,7.0
brick,Use it as a stylish paper organizer  ,run 6,2.0,7.0
brick,Turn it into a rustic paper towel dispenser  ,run 6,3.0,8.0
brick,Create a unique napkin ring with it  ,run 6,3.0,7.0
brick,Use it as a weight for securing outdoor tablecloths  ,run 6,2.0,9.0
brick,Build a mini brick oven for backyard pizza nights  ,run 6,2.0,9.0
brick,Stack them to make a DIY outdoor plant stand  ,run 6,2.0,9.0
brick,Turn it into a rustic pencil holder  ,run 6,3.0,7.0
brick,Use it as a weight to hold down a picnic tablecloth  ,run 6,1.7,11.0
brick,Create a unique picture frame with painted bricks  ,run 6,3.0,8.0
brick,Turn it into a pen stand for a trendy workspace  ,run 6,2.0,10.0
brick,Use it as a weight for woodworking or crafting projects  ,run 6,1.7,10.0
brick,Build a colorful garden border with painted bricks  ,run 6,2.0,8.0
brick,Transform it into a creative outdoor candle holder  ,run 6,3.0,8.0
brick,Create a decorative wall hanging with hung bricks  ,run 6,2.0,8.0
brick,Use it as a weight to hold down garden fabric  ,run 6,1.7,10.0
brick,Stack them to make a rustic outdoor side table  ,run 6,2.0,9.0
brick,Turn it into a unique plant pot stand  ,run 6,2.0,8.0
brick,Use it as a base for a homemade garden sculpture  ,run 6,2.0,10.0
brick,Turn it into a message board with chalk paint  ,run 6,3.0,9.0
brick,Build a mini brick pathway in the backyard  ,run 6,1.0,8.0
brick,Use it as a book stand for displaying favorite reads  ,run 6,2.0,10.0
brick,Stack them to create a rustic garden border fence  ,run 6,1.0,9.0
brick,Paint it and turn it into a quirky fruit bowl  ,run 6,3.0,10.0
brick,Transform it into a colorful garden ornament  ,run 6,2.0,7.0
brick,Use it as a weight for securing outdoor rugs  ,run 6,1.5,9.0
brick,Create a unique napkin holder with it  ,run 6,3.0,7.0
brick,Turn it into a rustic wine bottle holder  ,run 6,3.0,8.0
brick,Stack them to make a DIY outdoor flower planter  ,run 6,2.0,9.0
brick,Use it as a weight for DIY garden fabric printing  ,run 6,3.0,10.0
brick,Build a rustic garden bench with stacked bricks  ,run 6,1.0,8.0
brick,Turn it into a personalized DIY garden stepping stone  ,run 6,2.0,9.0
brick,Use it as a base for a homemade outdoor sculpture  ,run 6,2.0,10.0
brick,Stack them to create a makeshift bookshelf,run 7,1.7,7.0
brick,Use it as a paperweight on a windy day,run 7,1.0,9.0
brick,Arrange them in a row as a unique garden border,run 7,1.0,10.0
brick,Turn it into a base for a DIY side table,run 7,2.0,10.0
brick,Build a small pond by stacking them in a circular shape,run 7,1.7,11.0
brick,Use it as a weight to hold down a tarp,run 7,1.5,10.0
brick,Create a decorative letter holder by gluing them together,run 7,3.0,9.0
brick,Paint them and use as outdoor candle holders,run 7,3.0,8.0
brick,Arrange them vertically to make a modern plant stand,run 7,3.0,9.0
brick,Use it as a holder for kitchen utensils,run 7,3.0,8.0
brick,Turn it into a rustic picture frame,run 7,3.0,7.0
brick,Stack them to make a sturdy stool,run 7,1.7,7.0
brick,Paint them with chalkboard paint for a reusable message board,run 7,3.0,10.0
brick,Build a mini fireplace by stacking them in a square,run 7,1.0,10.0
brick,Use it as a stand for a bird feeder,run 7,2.0,9.0
brick,Turn it into a unique doorstop with added embellishments,run 7,2.0,9.0
brick,Use it as a prop in a DIY photo shoot backdrop,run 7,2.5,11.0
brick,Stack them to create a stand for a raised garden bed,run 7,2.0,11.0
brick,Turn it into a bookend with a rustic touch,run 7,2.0,9.0
brick,Paint them and use as colorful bookshelf dividers,run 7,3.0,8.0
brick,Build a rugged outdoor bench with bricks and wood,run 7,1.0,9.0
brick,Use it as a weight for pressing flowers,run 7,3.0,8.0
brick,Turn it into a creative pen holder for a desk,run 7,2.0,10.0
brick,Create a minimalist napkin holder by stacking them,run 7,3.0,8.0
brick,Stack them with boards to make a simple shoe rack,run 7,2.0,10.0
brick,Use it as a base for a DIY outdoor table,run 7,1.7,10.0
brick,Turn it into a hanging key holder with hooks,run 7,3.0,9.0
brick,Paint them and use as unique coasters,run 7,3.0,7.0
brick,Build a small raised platform for potted plants,run 7,1.7,8.0
brick,Create a rustic garden path by embedding them in soil,run 7,2.0,10.0
brick,Use it as a mold for shaping homemade soap,run 7,3.0,9.0
brick,Turn it into a decorative door knocker,run 7,2.0,7.0
brick,Stack them to make a sturdy stand for a mailbox,run 7,1.7,10.0
brick,Paint them to make a colorful stepping stone pathway,run 7,2.0,9.0
brick,Build a sturdy base for a homemade outdoor fountain,run 7,1.0,9.0
brick,Use it as a base for a DIY table lamp,run 7,3.0,10.0
brick,Turn it into a creative paper towel holder,run 7,3.0,8.0
brick,Stack them in a pyramid shape for a decorative centerpiece,run 7,2.0,10.0
brick,Use it as a doorstop with a functional twist,run 7,1.0,9.0
brick,Create a unique wind chime by painting and stringing them together,run 7,3.0,11.0
brick,Build a small BBQ grill stand with bricks and a metal grill top,run 7,1.7,13.0
brick,Turn it into a unique book display shelf,run 7,3.0,8.0
brick,Stack them to create a stylish plant stand for indoor plants,run 7,2.0,11.0
brick,Use it as a quirky paperweight for an office desk,run 7,1.7,10.0
brick,Turn it into a rustic serving tray with handles,run 7,3.0,9.0
brick,Create a decorative outdoor lantern by stacking them around a candle,run 7,3.0,11.0
brick,Stack them to make a sturdy base for a homemade bird bath,run 7,2.0,12.0
brick,Use it as a base for a DIY outdoor side table,run 7,2.0,11.0
brick,Turn it into a stylish book holder for a desk,run 7,3.0,10.0
brick,Paint them and use as a label holder for jars,run 7,3.0,10.0
brick,Build a small outdoor fireplace with bricks and cement,run 7,1.0,9.0
brick,Use it as a weight to hold down tablecloths at a picnic,run 7,1.7,12.0
brick,Turn it into a unique photo frame for a special memory,run 7,3.0,11.0
brick,Stack them to create a sturdy stand for a plant pot,run 7,2.0,11.0
brick,Create a rustic doorstop with character,run 7,2.0,6.0
brick,Use it as a base for a DIY outdoor bench,run 7,1.7,10.0
brick,Turn it into a creative magazine holder for a living room,run 7,3.0,11.0
brick,Stack them to make a small outdoor side table,run 7,2.0,9.0
brick,Paint them with glow-in-the-dark paint and use as outdoor path markers,run 7,3.0,11.0
brick,Build a simple outdoor bar with bricks and a wooden top,run 7,1.0,11.0
brick,Use it as a base for a homemade stepping stone,run 7,1.7,10.0
brick,Turn it into a unique photo display stand,run 7,3.0,8.0
brick,Stack them to create a raised platform for a potted tree,run 7,2.0,11.0
brick,Create a rustic tape dispenser by wrapping tape around it,run 7,3.0,10.0
brick,Use it as a weight for holding down a beach blanket,run 7,1.5,11.0
brick,Turn it into a creative bookend for a bookshelf,run 7,2.0,9.0
brick,Stack them to make a sturdy base for a DIY outdoor umbrella stand,run 7,1.7,13.0
brick,Paint them and use as garden markers for plants,run 7,2.0,9.0
brick,Build a small outdoor fire pit with bricks and a metal grate,run 7,1.0,12.0
brick,Use it as a base for a homemade garden sculpture,run 7,2.0,10.0
brick,Turn it into a rustic tissue box cover,run 7,3.0,8.0
brick,Stack them to create a unique pedestal for a statue,run 7,2.0,10.0
brick,Create a quirky candle holder by stacking them in a pyramid shape,run 7,3.0,12.0
brick,Use it as a base for a DIY outdoor bar stool,run 7,2.0,11.0
brick,Turn it into a stylish place card holder for a dinner party,run 7,3.0,12.0
brick,Stack them to make a sturdy base for a homemade outdoor sink,run 7,2.0,12.0
brick,Create a makeshift bookend,run 8,1.5,4.0
brick,Paint it and turn it into a paperweight,run 8,2.0,8.0
brick,Use it as a flower pot base,run 8,2.0,7.0
brick,Build a mini garden wall,run 8,1.0,5.0
brick,Use it as a weight for workout exercises,run 8,1.0,8.0
brick,Place it in the toilet tank to save water,run 8,3.0,9.0
brick,Turn it into a DIY garden path,run 8,1.0,7.0
brick,Use it as a makeshift hammer,run 8,1.7,6.0
brick,Create an outdoor game by tossing it into targets,run 8,2.0,9.0
brick,Paint numbers on it for a DIY clock,run 8,3.0,8.0
brick,Use it as a rustic bookshelf support,run 8,2.0,7.0
brick,Create a rustic-looking picture frame holder,run 8,3.0,6.0
brick,Turn it into a unique candle holder,run 8,3.0,7.0
brick,Use it as a unique door knocker,run 8,1.8,7.0
brick,Build a small outdoor fireplace with bricks,run 8,1.0,7.0
brick,Create a birdhouse foundation with bricks,run 8,2.0,6.0
brick,Paint it and use it as a pet food bowl holder,run 8,3.0,11.0
brick,Use it as a stand for a small plant pot,run 8,2.0,10.0
brick,Build a secret compartment by stacking them,run 8,2.0,7.0
brick,Turn it into a rustic kitchen trivet,run 8,2.0,7.0
brick,Use it as a base for a DIY table lamp,run 8,3.0,10.0
brick,Stack them to create a custom chair,run 8,2.0,7.0
brick,Glue a cushion for a DIY meditation seat,run 8,3.0,8.0
brick,Paint it and turn it into a garden border,run 8,2.0,9.0
brick,Build a mini laptop stand,run 8,2.0,5.0
brick,Turn it into a unique phone stand,run 8,2.0,7.0
brick,Use it as a book weight for reading outdoors,run 8,1.7,9.0
brick,Create a DIY chess set with painted bricks,run 8,3.0,8.0
brick,Turn it into a cool pen holder,run 8,2.0,7.0
brick,Use it as a DIY phone charging station,run 8,3.0,8.0
brick,Build a mini fort for small toys,run 8,2.0,7.0
brick,Paint it with chalkboard paint for notes,run 8,3.0,7.0
brick,Turn it into a door decoration by adding hooks,run 8,3.0,9.0
brick,Use it as a unique paper organizer,run 8,2.0,7.0
brick,Make a DIY tic-tac-toe game with painted bricks,run 8,3.0,8.0
brick,Turn it into a garden stepping stone,run 8,1.5,7.0
brick,Create a DIY mosaic with broken pieces,run 8,2.0,7.0
brick,Stack them to build a unique side table,run 8,1.7,8.0
brick,Use it as a makeshift paperweight for outdoor picnics,run 8,1.7,9.0
brick,Turn it into a unique key holder,run 8,3.0,7.0
brick,Paint it and use it as a pot holder,run 8,3.0,9.0
brick,Create a DIY herb garden marker,run 8,3.0,6.0
brick,Build a mini fairy garden with stacked bricks,run 8,1.8,8.0
brick,Use it as a snowball maker in winter,run 8,2.0,8.0
brick,Turn it into a unique book stand,run 8,2.0,7.0
brick,Paint it and turn it into a desk organizer,run 8,3.0,9.0
brick,Use it as a DIY soap dish,run 8,2.0,7.0
brick,Build a mini bbq grill stand,run 8,1.7,6.0
brick,Turn it into a DIY doorstopper with a handle,run 8,2.0,9.0
brick,Use it as a base for a DIY table centerpiece,run 8,2.5,10.0
brick,Create a wall hanging by stringing bricks together,run 8,2.0,8.0
brick,Paint it and turn it into a jewelry organizer,run 8,3.0,9.0
brick,Build a mini bookshelf for small spaces,run 8,2.0,7.0
brick,Stack them to create a DIY address marker,run 8,2.0,8.0
brick,Use it as a rustic photo frame stand,run 8,3.0,8.0
brick,Turn it into a rustic napkin holder,run 8,3.0,7.0
brick,Paint it and use it as a place card holder,run 8,3.0,10.0
brick,Build a mini fountain with stacked bricks,run 8,2.0,7.0
brick,Use it as a unique nameplate outside your door,run 8,3.0,9.0
brick,Turn it into a DIY pen holder for the desk,run 8,2.0,10.0
brick,Create a DIY wind chime with hanging bricks,run 8,3.0,8.0
brick,Use it as a base for a DIY table clock,run 8,3.0,10.0
brick,Build a mini toy castle with stacked bricks,run 8,1.7,8.0
brick,Turn it into a cool bookmark with ribbon,run 8,3.0,8.0
brick,Paint it and use it as a sponge holder,run 8,3.0,9.0
brick,Use it as a base for a DIY terrarium,run 8,3.0,9.0
brick,Create a rustic memo board with attached clips,run 8,3.0,8.0
brick,Stack them to build a unique outdoor stool,run 8,1.7,8.0
brick,Turn it into a rustic napkin ring,run 8,3.0,7.0
brick,Paint it and use it as a recipe card holder,run 8,3.0,10.0
brick,Use it as a base for a DIY aroma diffuser,run 8,3.0,10.0
brick,Build a mini tool caddy with stacked bricks,run 8,2.0,8.0
brick,Create a DIY fairy garden house with painted bricks,run 8,3.0,9.0
brick,Turn it into a unique doorbell cover,run 8,3.0,7.0
brick,Paint it and use it as a napkin weight,run 8,3.0,9.0
brick,Use it as a base for a DIY succulent garden,run 8,3.0,10.0
brick,Build a mini zen garden with stacked bricks,run 8,3.0,8.0
brick,Turn it into a rustic place card holder,run 8,3.0,8.0
brick,Paint it and use it as a DIY coasters holder,run 8,3.0,10.0
brick,Use it as a weight to hold down outdoor tablecloths,run 8,2.0,10.0
brick,Create a rustic menu holder for dinner parties,run 8,3.0,8.0
brick,Paint it and use it as a doorstop,run 9,2.0,8.0
brick,Create a DIY garden path,run 9,1.0,5.0
brick,Use it as a weight for workouts,run 9,1.0,7.0
brick,Make a stylish paperweight for your desk,run 9,1.7,7.0
brick,Stack them as a makeshift side table,run 9,1.7,7.0
brick,Use it as a base for an outdoor table,run 9,1.7,9.0
brick,Decorate and use it as a door decoration,run 9,2.0,8.0
brick,Paint numbers for a unique house number,run 9,2.0,7.0
brick,Smash it and use the pieces for mosaic art,run 9,2.0,9.0
brick,Attach wheels for a homemade go-kart,run 9,2.0,6.0
brick,Use as a support for a DIY bird bath,run 9,2.0,9.0
brick,Paint it and turn it into a pet feeding station,run 9,3.0,10.0
brick,Use it as a prop in a theatrical performance,run 9,2.0,9.0
brick,Create a rustic-looking lamp base,run 9,2.0,5.0
brick,Make a DIY telephone stand,run 9,2.0,5.0
brick,Use it as a makeshift step stool,run 9,1.7,7.0
brick,Stack and paint for a colorful garden feature,run 9,2.0,8.0
brick,Build a small outdoor barbeque pit,run 9,1.0,6.0
brick,Turn it into a unique pen holder,run 9,2.0,7.0
brick,Hollow it out and create a plant pot,run 9,3.0,8.0
brick,Use it as a door knocker,run 9,1.7,6.0
brick,Carve out a space for a hidden key holder,run 9,3.0,9.0
brick,Use as weights for balloon decorations,run 9,3.0,6.0
brick,Build a mini fireplace for s'mores,run 9,2.0,6.0
brick,Stack them for a DIY plant stand,run 9,1.8,7.0
brick,Attach hooks for a hanging jewelry organizer,run 9,3.0,7.0
brick,Make a game of tic-tac-toe on it,run 9,3.0,7.0
brick,Carve out sections for a DIY spice rack,run 9,3.0,8.0
brick,Paint it to make a garden stone marker,run 9,2.0,8.0
brick,Build a small outdoor seating bench,run 9,1.0,6.0
brick,Use as a base for a DIY cake stand,run 9,3.0,9.0
brick,Turn it into a unique photo frame,run 9,3.0,7.0
brick,Attach handles to make a serving tray,run 9,3.0,7.0
brick,Carve out sections for a desk organizer,run 9,3.0,7.0
brick,Use it as a weight for balloon bouquets,run 9,3.0,8.0
brick,Turn it into a mini succulent garden,run 9,3.0,7.0
brick,Paint it and use it as a napkin holder,run 9,3.0,9.0
brick,Build a mini archway for a garden entrance,run 9,1.0,8.0
brick,Carve out a space for a hidden drawer,run 9,3.0,8.0
brick,Use it as a riser for a plant display,run 9,2.0,9.0
brick,Stack and glue for a DIY jewelry box,run 9,3.0,8.0
brick,Turn it into a unique candle holder,run 9,3.0,7.0
brick,Attach a mirror for a wall décor piece,run 9,3.0,8.0
brick,Carve out sections for a desk caddy,run 9,3.0,7.0
brick,Use it as a base for a DIY clock,run 9,3.0,9.0
brick,Paint it to make a garden stepping stone,run 9,2.0,8.0
brick,Build a mini pizza oven in the yard,run 9,2.0,8.0
brick,Turn it into a unique puzzle piece,run 9,3.0,7.0
brick,Wrap in fabric to use as a doorstop,run 9,2.0,8.0
brick,Create a DIY outdoor side table,run 9,2.0,6.0
brick,Use it as a weight for craft projects,run 9,1.7,8.0
brick,Stack and decorate for a garden totem,run 9,2.0,7.0
brick,Turn it into a holder for cooking utensils,run 9,3.0,8.0
brick,Use as a base for a DIY trophy,run 9,3.0,8.0
brick,Carve out a space for a hidden compartment,run 9,3.0,8.0
brick,Stack them for a unique plant display,run 9,2.0,7.0
brick,Attach hooks for a DIY coat rack,run 9,3.0,7.0
brick,Make a game of hopscotch in the backyard,run 9,3.0,8.0
brick,Paint it and use it as a placemat,run 9,3.0,8.0
brick,Build a mini fairy garden structure,run 9,2.0,6.0
brick,Turn it into a unique drink coaster,run 9,3.0,7.0
brick,Stack and glue for a DIY napkin holder,run 9,3.0,8.0
brick,Attach a chalkboard for a rustic menu board,run 9,3.0,8.0
brick,Carve out sections for a DIY art organizer,run 9,3.0,8.0
brick,Use it as a base for a table centerpiece,run 9,2.0,9.0
brick,Turn it into a mini herb garden marker,run 9,3.0,8.0
brick,Paint it to make a garden border,run 9,2.0,7.0
brick,Build a mini water fountain feature,run 9,1.5,6.0
brick,Create a DIY outdoor footrest,run 9,2.0,5.0
brick,Use it as a weight for yoga poses,run 9,2.0,8.0
brick,Stack and decorate for a garden sculpture,run 9,2.0,7.0
brick,Turn it into a holder for office supplies,run 9,2.0,8.0
brick,Wrap in twine to use as a rustic décor piece,run 9,3.0,10.0
brick,Use as a base for a DIY trophy,run 9,3.0,8.0
brick,Carve out a space for a hidden compartment,run 9,3.0,8.0
brick,Stack them for a unique plant display,run 9,2.0,7.0
brick,Attach hooks for a DIY coat rack,run 9,3.0,7.0
brick,Make a game of hopscotch in the backyard,run 9,3.0,8.0
brick,Paint it and use it as a placemat,run 9,3.0,8.0
brick,Build a mini fairy garden structure,run 9,2.0,6.0
brick,Turn it into a unique drink coaster,run 9,3.0,7.0
brick,Stack them to create a makeshift coffee table  ,run 10,2.0,8.0
brick,Use it as a rustic doorstop  ,run 10,1.0,6.0
brick,Build a mini greenhouse by stacking several together  ,run 10,2.0,8.0
brick,Use it as a weight for outdoor fabric  ,run 10,2.0,8.0
brick,Create a DIY lantern by placing a candle on top  ,run 10,3.0,10.0
brick,Use it as a base for a DIY outdoor pizza oven  ,run 10,2.0,11.0
brick,Turn it into a plant stand for your garden  ,run 10,2.0,9.0
brick,Use it as a base for a sturdy outdoor lamp  ,run 10,2.0,10.0
brick,Paint it and turn it into a decorative garden border  ,run 10,2.0,10.0
brick,Attach wheels and make a movable garden seat  ,run 10,3.0,8.0
brick,Create a unique photo display stand by stacking them artistically  ,run 10,3.0,10.0
brick,Use it as a door prop for outdoor events  ,run 10,1.0,9.0
brick,Stick a candle on top and create a campfire ambiance  ,run 10,3.0,10.0
brick,Use it as a simple pedestal for an outdoor sculpture  ,run 10,2.0,10.0
brick,Create a garden pathway by lining them up  ,run 10,1.0,8.0
brick,Use it to hold down a tarp in your yard  ,run 10,1.0,10.0
brick,Turn it into a base for a DIY outdoor umbrella  ,run 10,2.0,10.0
brick,Paint and repurpose it as a decorative home address marker  ,run 10,2.0,10.0
brick,Fashion it into a rustic kitchen trivet  ,run 10,3.0,7.0
brick,Use it as a simple and effective door knocker  ,run 10,1.7,9.0
brick,Stack them to make a makeshift barbecue grill  ,run 10,2.0,8.0
brick,Create a unique outdoor side table by placing a wooden top  ,run 10,2.0,11.0
brick,Turn it into a makeshift dumbbell for outdoor exercise  ,run 10,1.7,9.0
brick,Use it as a base for a DIY birdbath  ,run 10,2.0,9.0
brick,Paint it and repurpose it as a garden stepping stone  ,run 10,2.0,10.0
brick,Create a makeshift garden tool holder by stacking them  ,run 10,2.0,9.0
brick,Use it as a rustic paperweight for your desk  ,run 10,1.7,9.0
brick,Fashion it into a unique garden sculpture  ,run 10,2.0,7.0
brick,Turn it into a stylish wine bottle holder  ,run 10,3.0,8.0
brick,Use it to enhance stability for an outdoor canopy  ,run 10,1.7,9.0
brick,Build a small outdoor shelf by stacking them creatively  ,run 10,1.7,9.0
brick,Paint and turn it into a decorative centerpiece for a table  ,run 10,2.0,11.0
brick,Use it as a makeshift bookend for your shelves  ,run 10,1.7,9.0
brick,Fashion it into a rustic pencil holder for your desk  ,run 10,2.0,10.0
brick,Stack them to make a makeshift laptop stand  ,run 10,2.0,8.0
brick,Turn it into a DIY outdoor meditation seat  ,run 10,2.0,8.0
brick,Use it to display a small potted plant elegantly  ,run 10,3.0,9.0
brick,Create a rustic door handle for a shed or workshop  ,run 10,2.0,10.0
brick,Stack them creatively to make a unique garden border  ,run 10,2.0,9.0
brick,Turn it into a simple equipment holder for outdoor gear  ,run 10,2.0,10.0
brick,Use it as a base for a DIY outdoor clock  ,run 10,3.0,10.0
brick,Fashion it into a makeshift coasters for outdoor gatherings  ,run 10,3.0,9.0
brick,Paint and repurpose it as a unique photo frame  ,run 10,3.0,9.0
brick,Create a rustic doorbell by attaching a string  ,run 10,3.0,8.0
brick,Line them up to use as a makeshift guardrail for outdoor safety  ,run 10,1.7,12.0
brick,Turn it into a creative garden rockery  ,run 10,2.0,7.0
brick,Use it as a paper organizer for your desk  ,run 10,2.0,9.0
brick,Create a unique outdoor candle holder by hollowing it out  ,run 10,3.0,10.0
brick,Stack them to make a makeshift outdoor stool  ,run 10,1.7,8.0
brick,Paint and use it as a napkin holder for outdoor dining  ,run 10,3.0,11.0
brick,Turn it into a handy outdoor key holder  ,run 10,3.0,8.0
brick,Use it to prop open a heavy gate  ,run 10,1.0,8.0
brick,Fashion it into a rustic jewelry holder  ,run 10,3.0,7.0
brick,Display small decorative items by stacking them creatively  ,run 10,2.5,8.0
brick,Turn it into a unique pet food bowl stand  ,run 10,3.0,9.0
brick,Use it as a base for a DIY outdoor sculpture  ,run 10,2.0,10.0
brick,Stack them to make a unique outdoor planter  ,run 10,2.0,8.0
brick,Paint and use it as a rustic photo display stand  ,run 10,3.0,10.0
brick,Create a makeshift outdoor umbrella stand  ,run 10,2.0,6.0
brick,Turn it into a decorative garden toadstool  ,run 10,3.0,7.0
brick,Use it to hold down outdoor tablecloths  ,run 10,1.7,7.0
brick,Stack them to make a makeshift outdoor bar counter  ,run 10,2.0,9.0
brick,Fashion it into a rustic candle holder  ,run 10,3.0,7.0
brick,Turn it into a simple outdoor bookshelf  ,run 10,2.0,7.0
brick,Use it as a base for a DIY outdoor mirror  ,run 10,3.0,10.0
brick,Paint and turn it into a rustic outdoor clock  ,run 10,3.0,9.0
brick,Create a unique pedestal for a small outdoor statue  ,run 10,2.0,9.0
brick,Turn it into a creative napkin holder for outdoor dining  ,run 10,3.0,10.0
brick,Use it as a makeshift outdoor breakfast bar  ,run 10,3.0,8.0
brick,Stack them creatively to make a rustic outdoor table  ,run 10,2.0,9.0
brick,Paint and use it as a decorative garden gnome stand  ,run 10,3.0,10.0
brick,Fashion it into a unique outdoor candle centerpiece  ,run 10,3.0,8.0
brick,Use it to support a makeshift outdoor shelf  ,run 10,1.7,8.0
brick,Turn it into a rustic outdoor wine rack  ,run 10,3.0,8.0
brick,Display decorative outdoor items by stacking them artistically  ,run 10,2.0,8.0
brick,Create a unique outdoor plant shelf by stacking them  ,run 10,2.0,9.0
brick,Use it as a base for a DIY outdoor wind chime  ,run 10,3.0,11.0
brick,Stack them to make a stylish outdoor bench  ,run 10,2.0,8.0
brick,Paint and turn it into a rustic outdoor lantern stand  ,run 10,3.0,10.0
brick,Fashion it into a decorative outdoor waterfall feature  ,run 10,3.0,8.0
brick,Turn it into a unique garden ornament holder  ,run 10,2.0,8.0
