prompt,response,originality,elaboration,elaboration_SW,dissimilarity,flexibility,flexibility_augmented
brick,Use it as a bookend for your shelves,1.0,8.0,3,0.20053589344024658,2,1.512158054711246
brick,Paint and decorate it to use as a doorstop,2.0,9.0,4,0.18303841352462769,2,2.27338736913205
brick,Create a makeshift dumbbell for light workouts,1.7,7.0,5,0.20664989948272705,0,0.0
brick,Turn it into a unique paperweight for your desk,1.7,9.0,4,0.19066035747528076,1,0.7509287402904424
brick,Stack a few as a plant stand in the garden,2.0,10.0,4,0.24671268463134766,3,2.411685241472475
brick,Use it as a hammer for light DIY projects,2.0,9.0,5,0.2085341215133667,2,1.512158054711246
brick,Construct a mini BBQ pit in your backyard,2.0,8.0,5,0.2322901487350464,0,0.0
brick,Shape it into a soap dish for the bathroom,3.0,9.0,4,0.21720939874649048,1,0.7509287402904424
brick,Use it as a makeshift doorstop,1.0,6.0,3,0.17919206619262695,2,1.512158054711246
brick,Create a rustic key holder using a brick and hooks,3.0,10.0,7,0.2064332365989685,2,1.6847348868625465
brick,Build a small step stool for reaching high places,1.0,9.0,7,0.1975521445274353,2,1.564336372847011
brick,Turn it into a mini herb garden marker,3.0,8.0,5,0.20284384489059448,1,1.5018574805808849
brick,Use it as a door holder to keep doors open,1.0,10.0,6,0.20840632915496826,3,5.206180344478216
brick,Fashion it into a unique book stand,2.0,7.0,4,0.2172865867614746,2,1.564336372847011
brick,Turn it into a simple doorstop for drafty doors,1.0,9.0,5,0.2017410397529602,1,0.7509287402904424
brick,Decorate it and use it as a table centerpiece,2.0,9.0,4,0.18867379426956177,3,2.3255656872678148
brick,Create a base for a DIY outdoor lamp,2.0,8.0,5,0.19084906578063965,0,0.0
brick,Wrap it in fabric to make a pin cushion,3.0,9.0,5,0.20507019758224487,2,1.512158054711246
brick,Fashion it into a unique picture frame,3.0,7.0,4,0.24031484127044678,1,0.7509287402904424
brick,Use it to prop open a window,1.0,7.0,4,0.2217215895652771,4,4.26274907125971
brick,Turn it into a smartphone holder for watching videos,3.0,9.0,5,0.20945745706558228,2,1.6744343127321852
brick,Create a decorative wall hook for coats or keys,2.0,9.0,6,0.2034803032875061,1,0.7509287402904424
brick,Use it to weight down a tarp or sheet,1.5,9.0,4,0.2375810742378235,3,2.3595069233367107
brick,Build a mini wishing well for the garden,2.0,8.0,5,0.21950840950012207,1,1.5018574805808849
brick,Use it as a base for a DIY bird feeder,2.0,10.0,5,0.24481749534606934,2,1.512158054711246
brick,Turn it into a rustic door knocker,2.0,7.0,4,0.21961897611618042,2,1.6744343127321852
brick,Create a unique bookshelf by stacking them,2.0,7.0,4,0.22189432382583618,0,0.0
brick,Use it as a footrest under your desk,1.7,8.0,3,0.20724719762802124,2,1.512158054711246
brick,Fashion it into a napkin holder for outdoor dining,3.0,9.0,5,0.17423397302627563,2,1.6744343127321852
brick,Turn it into a makeshift bookend for your nightstand,2.0,9.0,4,0.1813378930091858,1,0.7509287402904424
brick,Build a small platform for displaying sculptures or plants,1.5,9.0,6,0.2066327929496765,2,1.564336372847011
brick,Use it to prop up a sagging fence post,1.0,9.0,5,0.21247965097427368,3,2.435663627152989
brick,Turn it into a rustic photo frame,3.0,7.0,4,0.21391403675079346,1,0.7509287402904424
brick,Stack a few as a rustic candle holder,3.0,8.0,4,0.2132878303527832,2,1.7708544410672071
brick,Create a unique coat rack by attaching hooks,2.0,8.0,6,0.21891653537750244,0,0.0
brick,Use it as a makeshift weight for exercising,1.0,8.0,4,0.2223387360572815,3,2.3595069233367107
brick,Fashion it into a makeshift door knocker,2.0,7.0,4,0.1991317868232727,2,1.6744343127321852
brick,Turn it into a DIY bookshelf divider,2.0,7.0,4,0.21317559480667114,1,0.7509287402904424
brick,Build a mini bookend for your favorite novels,2.0,8.0,5,0.28368353843688965,1,0.7509287402904424
brick,Use it as a stand for a small potted plant,2.0,10.0,5,0.2265317440032959,3,3.1389733198243834
brick,Create a rustic napkin holder for outdoor picnics,3.0,8.0,6,0.2156704068183899,1,0.9235055724417427
brick,Turn it into a unique pen holder for your desk,2.0,10.0,5,0.20605254173278809,2,1.6744343127321852
brick,Stack a few as a base for a makeshift side table,2.0,11.0,5,0.21187341213226318,2,1.660756501182033
brick,Use it as a unique paper towel holder in the kitchen,3.0,11.0,6,0.17881155014038086,4,3.283012495778453
brick,Turn it into a doorstop for heavy doors,1.0,8.0,4,0.1999097466468811,1,0.7509287402904424
brick,Create a mini pathway border in the garden,1.0,8.0,5,0.2343725562095642,1,0.7509287402904424
brick,Use it as a platform for displaying art pieces,3.0,9.0,5,0.24069738388061523,2,2.27338736913205
brick,Turn it into a rustic wall hook for hats or bags,3.0,11.0,6,0.1754012107849121,1,1.5018574805808849
brick,Build a mini garden wall with stacked bricks,1.0,8.0,6,0.21094906330108643,1,2.2527862208713274
brick,Use it as a weight for pressing flowers,3.0,8.0,4,0.23161810636520386,3,2.3595069233367107
brick,Fashion it into a quirky book stand,3.0,7.0,4,0.2275325059890747,2,1.564336372847011
brick,Turn it into a doorstop for breezy days,1.0,8.0,4,0.2191847562789917,1,0.7509287402904424
brick,Create a mini stair step for reaching high shelves,1.7,9.0,7,0.20581889152526855,0,0.0
brick,Use it as a rustic garden marker for plants,2.0,9.0,5,0.23142385482788086,2,2.263086795001689
brick,Build a small bookshelf for your favorite reads,1.7,8.0,5,0.2289833426475525,2,1.564336372847011
brick,Turn it into a unique photo holder for memories,3.0,9.0,5,0.2059311866760254,2,1.6744343127321852
brick,Stack a few as a base for a unique table lamp,3.0,11.0,5,0.2246960997581482,2,1.660756501182033
brick,Use it as a paperweight to keep papers in place,1.0,10.0,5,0.21567201614379883,4,3.283012495778453
brick,Fashion it into a rustic coat hanger,3.0,7.0,4,0.2143142819404602,1,0.7509287402904424
brick,Turn it into a small plant stand for indoor greenery,3.0,10.0,6,0.19718307256698608,2,2.3777440054035797
brick,Create a base for a DIY outdoor candle holder,3.0,9.0,6,0.1829512119293213,1,0.9235055724417427
brick,Use it as a makeshift bookend for cookbooks,2.0,8.0,4,0.1784166693687439,2,1.512158054711246
brick,Turn it into a rustic key holder for the entryway,3.0,10.0,5,0.20900744199752808,2,1.6744343127321852
brick,Build a mini garden border with stacked bricks,1.0,8.0,6,0.21411216259002686,1,1.5018574805808849
brick,Use it as a doorstop to prevent slamming doors,1.0,9.0,5,0.21766191720962524,2,1.512158054711246
brick,Turn it into a unique book holder for bedtime reading,3.0,10.0,6,0.18776637315750122,2,1.6744343127321852
brick,Fashion it into a quirky plant pot holder,2.0,8.0,5,0.206041157245636,2,1.6744343127321852
brick,Stack a few as a base for a decorative vase,2.0,10.0,4,0.20038604736328125,1,0.8473488686254644
brick,Use it as a makeshift weight for yoga stretches,2.0,9.0,5,0.2259029746055603,3,2.3595069233367107
brick,Create a mini fountain base for your garden,2.0,8.0,5,0.21100085973739624,1,0.7509287402904424
brick,Turn it into a unique jewelry display stand,3.0,8.0,5,0.20175057649612427,2,1.564336372847011
brick,Build a small platform for a mini garden sculpture,2.0,9.0,6,0.1925641894340515,2,2.3152651131374533
brick,Use it as a rustic garden border for plants,1.0,9.0,5,0.21828246116638184,2,2.263086795001689
brick,Fashion it into a quirky doorstop for a playful touch,2.0,10.0,5,0.21358031034469604,1,0.7509287402904424
brick,Turn it into a rustic paper towel holder for the kitchen,3.0,11.0,6,0.1909603476524353,3,2.52178318135765
brick,Stack a few as a base for a DIY centerpiece,2.0,10.0,4,0.20028585195541382,1,0.8473488686254644
brick,Use it as a doorstop to hold open doors securely.,1.0,10.0,7,0.2045484185218811,4,3.2490712597095577
box,Turn it into a mini herb garden by adding soil and seeds.  ,2.7,12.0,8,0.19969457387924194,0,0.0
box,Create a DIY pinhole camera for unique photos.  ,3.0,8.0,7,0.21745163202285767,0,0.0
box,Cut into strips and use as improvised bookmarks.  ,3.0,8.0,6,0.2119758129119873,2,1.5829383886255926
box,Transform it into a makeshift drum with a balloon skin.  ,3.0,10.0,6,0.18904125690460205,0,0.0
box,Use as a base for crafting a DIY bird feeder.  ,2.0,10.0,7,0.23482584953308105,1,0.712875197472354
box,Repurpose as a storage container for holiday ornaments.  ,1.3,8.0,6,0.20470374822616577,1,0.8732227488151658
box,Convert into a stylish wall-mounted shelf with a fresh coat of paint.  ,2.0,12.0,8,0.18963932991027832,0,0.0
box,Design a mini puppet theater for storytelling fun.  ,3.0,8.0,7,0.17528462409973145,1,0.712875197472354
box,Fashion it into a personalized memory box with photos and mementos.  ,1.7,11.0,7,0.22010093927383423,1,0.7768562401263823
box,Craft a chic jewelry organizer by adding hooks and compartments.  ,2.0,10.0,8,0.19717222452163696,0,0.0
box,Construct a maze for a pet hamster to explore and play in.  ,3.0,12.0,7,0.19832193851470947,2,1.6500789889415481
box,Cut out shapes to create unique stencils for art projects.  ,3.0,10.0,8,0.21273261308670044,2,1.5829383886255926
box,Create a miniature kitchen garden by planting herbs inside.  ,3.0,9.0,8,0.1988905668258667,0,0.0
box,Construct a fun toy car for kids with added wheels and decorations.  ,2.0,12.0,9,0.18354403972625732,2,1.6500789889415481
box,Use as a mold to make homemade soap or candles.  ,2.0,10.0,7,0.23813235759735107,1,1.425750394944708
box,Turn it into a decorative wall-mounted shadow box for trinkets.  ,2.0,10.0,7,0.16968953609466553,1,0.7768562401263823
box,Fashion a phone projector by adding a magnifying lens and phone holder.  ,3.3,12.0,9,0.22328895330429077,0,0.0
box,Convert into a cozy pet bed with added padding and fabric.  ,2.0,11.0,8,0.20551514625549316,1,0.7768562401263823
box,Transform into a DIY cat scratching post with ropes and sisal twine.  ,3.0,12.0,9,0.20420145988464355,1,0.8649289099526066
box,Use as a base for a DIY tabletop terrarium garden.  ,3.0,10.0,7,0.21394693851470947,1,0.712875197472354
box,Cut and fold into unique origami shapes for decoration.  ,3.0,9.0,7,0.2329627275466919,1,0.8700631911532386
box,Create a nesting box for birds with appropriate openings.  ,2.7,9.0,7,0.2424209713935852,1,0.7768562401263823
box,Turn it into a portable art kit with compartments for supplies.  ,2.0,11.0,7,0.16938531398773193,1,0.712875197472354
box,Fashion it into a custom drawer organizer for small items.  ,2.0,10.0,7,0.20369672775268555,1,0.8700631911532386
box,Use as a base for a DIY solar oven experiment.  ,3.3,10.0,7,0.2372092604637146,1,0.712875197472354
box,Transform into a unique party invitation with added decorations.  ,2.7,9.0,7,0.2041674256324768,0,0.0
box,Fashion a playful maze game for kids to navigate through.  ,3.3,10.0,7,0.21861648559570312,0,0.0
box,Create a mini greenhouse by adding a clear plastic lid.  ,3.3,10.0,8,0.1827859878540039,0,0.0
box,Turn it into a handy toolbox with added compartments and dividers.  ,2.0,11.0,7,0.21160072088241577,0,0.0
box,Use as a base for a DIY clock with added clock hands and numbers.  ,3.0,14.0,9,0.19927376508712769,1,0.712875197472354
box,Transform into a handy outdoor plant holder.  ,2.0,7.0,6,0.18567293882369995,0,0.0
box,Create a DIY pinata for a festive party.  ,2.0,8.0,6,0.2069706916809082,0,0.0
box,Fashion it into a DIY tabletop foosball game.  ,3.3,8.0,6,0.23791897296905518,0,0.0
box,Convert into a mini playhouse for kids with added windows and doors.  ,1.7,12.0,8,0.1968919038772583,0,0.0
box,Use as a unique gift wrapping idea with added decorations.  ,1.7,10.0,8,0.1875331997871399,1,0.712875197472354
box,Transform into a makeshift lap desk for comfortable working.  ,2.0,9.0,7,0.19661664962768555,0,0.0
box,Cut and fold into a 3D paper sculpture for art display.  ,3.0,11.0,8,0.19817006587982178,2,1.5829383886255926
box,Fashion it into a DIY birdhouse for feathered friends.  ,2.0,9.0,6,0.20035171508789062,0,0.0
box,Turn it into a shadow puppet theater for storytelling fun.  ,3.0,10.0,7,0.17978042364120483,0,0.0
box,Create a hanging mobile with cut-out shapes.  ,3.3,7.0,6,0.186101496219635,0,0.0
box,Repurpose into a rustic planter box for flowers or herbs.  ,2.0,10.0,7,0.19992882013320923,1,0.7768562401263823
box,Transform into a DIY board game with custom rules and pieces.  ,3.0,11.0,8,0.2302986979484558,0,0.0
box,Fashion it into a toy car garage for kids' imaginative play.  ,2.0,11.0,9,0.1867644190788269,2,1.6500789889415481
box,Use as a base for a custom DIY wall clock with unique designs.  ,3.3,13.0,9,0.1930762529373169,2,1.5860979462875198
box,Construct a miniature model house for a school project.  ,2.0,9.0,7,0.1915740966796875,1,0.7768562401263823
box,Turn it into a DIY piggy bank with a slit for coins.  ,2.0,12.0,7,0.21709007024765015,0,0.0
box,Create a unique memory game with cut-out matching shapes.  ,3.0,9.0,8,0.22948062419891357,0,0.0
box,Repurpose as a quirky lampshade with creative cut-outs.  ,3.0,8.0,6,0.2287195920944214,0,0.0
box,Transform into a mini Christmas village with added decorations.  ,3.0,9.0,7,0.19642293453216553,0,0.0
box,Use as a base for a DIY photo frame with added embellishments.  ,2.7,12.0,8,0.23426741361618042,1,0.712875197472354
box,Fashion it into a pet tunnel for cats' entertainment.  ,2.0,9.0,7,0.19114422798156738,1,0.7768562401263823
box,Convert into a miniature dollhouse with added furniture and decor.  ,2.0,10.0,7,0.1726372241973877,0,0.0
box,Turn it into a cozy pet cave with a soft lining.  ,2.0,11.0,7,0.20531761646270752,1,0.7768562401263823
box,Create a DIY jewelry display with hooks and compartments.  ,2.0,9.0,7,0.18503177165985107,0,0.0
box,Repurpose as a playful maze for a pet gerbil.  ,3.0,9.0,6,0.19764012098312378,1,0.7768562401263823
box,Transform into a mini greenhouse with plastic sheeting.  ,3.0,8.0,6,0.17487549781799316,0,0.0
box,Fashion it into a customizable memory game with photos.  ,3.3,9.0,6,0.22692924737930298,0,0.0
box,Use as a base for a DIY terrarium garden with succulents.  ,3.0,11.0,7,0.2386171817779541,1,0.712875197472354
box,Construct a makeshift bird feeder with openings for food.  ,2.7,9.0,7,0.21295535564422607,0,0.0
box,Turn it into a whimsical fairy house with added decorations.  ,3.0,10.0,7,0.20282351970672607,1,0.7768562401263823
box,Convert into a unique pencil holder for the desk.  ,1.7,9.0,6,0.19792836904525757,2,1.6500789889415481
box,Create a shadow puppet theater for creative storytelling.  ,3.0,8.0,7,0.21146082878112793,0,0.0
box,Repurpose as a DIY plant stand for indoor gardening.  ,2.0,9.0,7,0.22307920455932617,0,0.0
box,Transform into a playful puppet theater for kids.  ,2.7,8.0,6,0.18514138460159302,0,0.0
box,Use as a base for a miniature zen garden with sand and rocks.  ,3.3,13.0,8,0.1965324878692627,1,0.712875197472354
box,Fashion it into a DIY tissue box cover with fabric.  ,2.0,10.0,7,0.21128833293914795,2,1.6417851500789888
box,Construct a mini toy chest for organizing children's toys.  ,1.3,9.0,9,0.20761054754257202,1,0.8732227488151658
box,Turn it into an art piece by painting or decorating it creatively.  ,2.0,12.0,7,0.2386731505393982,2,1.5829383886255926
box,Convert into a DIY pet bed with soft padding and fabric.  ,2.0,11.0,8,0.2014172077178955,1,0.7768562401263823
box,Create a tabletop game board with a personalized theme.  ,3.0,9.0,7,0.19884324073791504,0,0.0
box,Repurpose as a unique gift box with handmade decorations.  ,1.7,9.0,7,0.1997675895690918,1,0.7768562401263823
box,Transform into a mini pet house for small animals.  ,1.7,9.0,7,0.20050597190856934,2,2.4237756714060033
box,Fashion it into a glittery treasure chest for kids' play.  ,2.0,10.0,8,0.1891147494316101,0,0.0
box,Use as a base for a DIY bird feeder with perches and roofs.  ,3.3,13.0,8,0.2822941541671753,1,0.712875197472354
box,Cut and fold into a mini paper village for decorations.  ,3.0,10.0,7,0.17604780197143555,1,0.8700631911532386
box,Create a makeshift projector for a smartphone using a magnifying glass.  ,3.0,11.0,8,0.19963669776916504,1,0.8649289099526066
box,Repurpose as a cute gift packaging with personalized touches.  ,1.7,9.0,7,0.19894570112228394,0,0.0
box,Transform into a faux fireplace by adding paper flames and logs.  ,3.3,11.0,8,0.19610494375228882,0,0.0
box,Convert into a stylish magazine holder with added dividers.  ,2.0,9.0,7,0.23297297954559326,1,0.7768562401263823
box,Turn it into a play kitchen for kids with added knobs and doors.  ,2.0,13.0,8,0.2012397050857544,1,0.8732227488151658
box,Design a unique advent calendar with hidden compartments.  ,3.0,8.0,7,0.19944876432418823,1,0.712875197472354
box,Use as a base for a DIY dollhouse with miniature furniture.  ,2.0,11.0,7,0.17072808742523193,1,0.712875197472354
box,Construct a mini cardboard castle for imaginative play.  ,2.0,8.0,7,0.19708800315856934,1,0.712875197472354
knife,Use it to carve intricate designs on fruit sculptures,1.7,9.0,6,0.13804805278778076,2,1.5452044025157232
knife,Create a mini zen rock garden by etching patterns in sand,3.0,11.0,8,0.16330718994140625,0,0.0
knife,Design unique patterns on candles by carving them,2.0,8.0,5,0.1382327675819397,1,0.8482704402515724
knife,Craft custom wooden spoons or utensils with detailed carvings,1.7,9.0,7,0.16797322034835815,0,0.0
knife,Transform it into a DIY leather crafting tool for intricate patterns,2.0,11.0,7,0.1577429175376892,1,0.902122641509434
knife,Use it to shape and sculpt clay for pottery projects,1.7,10.0,6,0.15678155422210693,1,0.7413522012578616
knife,Make personalized stamps using the blade by carving into rubber erasers,3.0,11.0,8,0.1775599718093872,1,2.544811320754717
knife,Create a stunning mosaic by cutting and arranging colored tiles,3.0,10.0,7,0.15839236974716187,1,0.8482704402515724
knife,Carve your own intricate rubber stamps for printing on fabric or paper,2.0,12.0,7,0.15679055452346802,2,1.6191037735849056
knife,Slice through layers of paper to create intricate greeting cards or art pieces,1.7,13.0,9,0.13393598794937134,2,1.7044025157232703
knife,Customize plain notebooks by cutting out unique designs on the covers,3.0,11.0,7,0.17740386724472046,1,0.8482704402515724
knife,Make custom stencils for painting patterns on walls or furniture,3.0,10.0,7,0.12825870513916016,1,0.8482704402515724
knife,Use it to carefully cut out intricate snowflakes for winter decorations,2.0,11.0,7,0.1572696566581726,2,1.5566037735849056
knife,Craft unique jewelry by cutting and shaping various materials,2.0,9.0,7,0.169871985912323,1,0.8482704402515724
knife,Form intricate linocut prints for creating handmade artwork,2.0,8.0,7,0.14202880859375,0,0.0
knife,Sculpt mini wooden figures for dioramas or model-making projects,1.7,9.0,7,0.17097967863082886,0,0.0
knife,Customize clothing by creating unique fabric patterns or distressing denim,2.0,10.0,8,0.20190948247909546,0,0.0
knife,Sculpt mini ice sculptures for a fancy dinner party centerpiece,1.7,10.0,8,0.18311017751693726,1,0.902122641509434
knife,Cut out precise shapes in leather for handmade wallets or accessories,1.0,11.0,7,0.15809029340744019,1,0.815251572327044
knife,Craft intricate lace designs on paper for handmade cards or decorations,2.0,11.0,8,0.12930500507354736,1,0.815251572327044
knife,Carve detailed designs on wooden coasters for a personalized touch,1.7,10.0,7,0.16324323415756226,1,0.8038522012578616
knife,Use it to sharpen pencils to a precise point for detailed drawings,1.7,12.0,7,0.20075690746307373,1,0.7413522012578616
knife,Create textured patterns on clay pots or planters for a unique garden display,2.0,13.0,9,0.148146390914917,0,0.0
knife,Design delicate paper cutouts for elegant window decorations,2.0,8.0,7,0.1550561785697937,1,0.815251572327044
knife,Cut out intricate shapes in fabric to patchwork together for quilting projects,1.3,12.0,8,0.1443939208984375,1,0.815251572327044
knife,Carve decorative designs on wooden picture frames for a customized look,1.7,11.0,8,0.13089174032211304,1,0.8038522012578616
knife,Transform old candles into new shapes by sculpting with the blade,3.0,11.0,7,0.16195356845855713,1,0.8482704402515724
knife,Create detailed paper quilling designs for unique wall art,3.0,9.0,8,0.1253964900970459,3,2.508254716981132
knife,Use it to slice and dice old magazines to create a collage masterpiece,2.0,13.0,8,0.17745769023895264,1,0.7413522012578616
knife,Sculpt figurines out of soap bars for homemade gifts,1.7,9.0,6,0.1419089436531067,0,0.0
knife,Cut intricate designs into foam to make custom stamps for printing,2.0,11.0,8,0.13774895668029785,2,1.6635220125786163
knife,Craft personalized keychains by cutting and etching designs into metal,2.0,10.0,7,0.14818793535232544,1,0.8482704402515724
knife,Create detailed patterns on soap bars for decorative bathroom pieces,2.0,10.0,8,0.13911354541778564,0,0.0
knife,Cut out intricate paper snowflakes for festive window decorations,1.7,9.0,7,0.1487025022506714,1,1.630503144654088
knife,Sculpt mini clay figurines for fairy gardens or terrarium displays,2.0,10.0,8,0.16838788986206055,0,0.0
knife,Design custom rubber stamps by carving into erasers or craft foam,3.0,11.0,8,0.1561981439590454,1,0.8482704402515724
knife,Carve personalized initials into wooden items for a unique touch,1.0,10.0,7,0.1430378556251526,1,0.8038522012578616
knife,Craft wooden puzzle pieces by cutting out various shapes,2.0,9.0,7,0.15869158506393433,1,0.8482704402515724
knife,Make intricate bookmarks by cutting and designing paper shapes,3.0,9.0,7,0.13332074880599976,2,2.5117924528301887
knife,Sculpt mini ice cubes into decorative shapes for fancy drinks,2.0,10.0,8,0.15102225542068481,1,0.902122641509434
knife,Cut out elaborate sugar decorations for cakes and desserts,1.7,9.0,6,0.15424591302871704,1,0.815251572327044
knife,Craft tiny wooden animals by carving small pieces of wood,1.7,10.0,8,0.17231488227844238,1,1.6965408805031448
knife,Slice through layers of fabric to create detailed applique designs,1.7,10.0,7,0.16493022441864014,0,0.0
knife,Carve unique patterns on soap bars for creative handwashing,2.0,9.0,7,0.14895862340927124,1,0.8038522012578616
knife,Design custom motifs on stone tiles for mosaic art projects,3.0,10.0,8,0.15530461072921753,1,0.8891509433962264
knife,Carve intricate designs on eggshells for delicate Easter decorations,1.7,9.0,7,0.1470494270324707,1,0.8038522012578616
knife,Sculpt detailed patterns on candles for stylish home decor,2.0,9.0,7,0.1570681929588318,0,0.0
knife,Create personalized cookie cutters by shaping metal strips,2.0,8.0,7,0.1405632495880127,0,0.0
knife,Cut out intricate paper designs for delicate lantern decorations,1.7,9.0,7,0.1370890736579895,1,1.630503144654088
knife,Craft decorative plant labels by cutting shapes from plastic containers,3.0,10.0,8,0.14733803272247314,1,0.8482704402515724
knife,Sculpt mini clay pots for dollhouse miniature gardening,2.0,8.0,7,0.1689203977584839,0,0.0
knife,Design unique marzipan shapes for decorative cake toppers,3.0,8.0,7,0.15607565641403198,0,0.0
knife,Carve miniature wooden furniture pieces for dollhouse projects,1.7,8.0,7,0.15310263633728027,1,0.8038522012578616
knife,Cut out intricate shapes on colored paper to create paper jewelry,1.7,11.0,8,0.12511491775512695,1,1.630503144654088
knife,Craft decorative soap bars by shaping and cutting them,2.0,9.0,6,0.1579563021659851,1,0.8482704402515724
knife,Sculpt mini vegetables out of clay for dollhouse kitchen displays,2.0,10.0,7,0.1487235426902771,0,0.0
knife,Create DIY confetti by cutting colorful paper into tiny pieces,2.0,10.0,8,0.1388210654258728,2,1.6635220125786163
knife,Carve intricate patterns on fruit slices for decorative plates,1.7,9.0,7,0.12774169445037842,1,0.8038522012578616
knife,Design custom wood puzzles by cutting pieces of different shapes,3.0,10.0,8,0.15686577558517456,1,1.6965408805031448
knife,Use it to slice and shape modeling clay for sculpting projects,1.7,11.0,7,0.16606253385543823,1,0.7413522012578616
knife,Sculpt mini ice cream toppings by cutting out sugary shapes,2.0,10.0,8,0.15591025352478027,2,1.7503930817610063
knife,Cut out intricate paper designs for delicate greeting cards,1.7,9.0,7,0.139412522315979,1,1.630503144654088
knife,Craft decorative sugar cookies by cutting and shaping dough,1.7,9.0,7,0.15628403425216675,1,0.8482704402515724
knife,Carve detailed designs on soap bars for decorative bathroom pieces,1.7,10.0,8,0.1378014087677002,1,0.8038522012578616
knife,Create personalized keychains by cutting and etching designs into metal,3.0,10.0,7,0.14576005935668945,1,0.8482704402515724
knife,Cut out intricate paper snowflakes for festive window decorations,1.7,9.0,7,0.14870256185531616,1,1.630503144654088
knife,Sculpt mini clay figurines for fairy gardens or terrarium displays,2.0,10.0,8,0.16838788986206055,0,0.0
knife,Design custom rubber stamps by carving into erasers or craft foam,3.0,11.0,8,0.1561981439590454,1,0.8482704402515724
knife,Carve personalized initials into wooden items for a unique touch,1.0,10.0,7,0.1430378556251526,1,0.8038522012578616
knife,Craft wooden puzzle pieces by cutting out various shapes,2.0,9.0,7,0.1586916446685791,1,0.8482704402515724
knife,Make intricate bookmarks by cutting and designing paper shapes,3.0,9.0,7,0.13332074880599976,2,2.5117924528301887
knife,Sculpt mini ice cubes into decorative shapes for fancy drinks,2.0,10.0,8,0.15102225542068481,1,0.902122641509434
knife,Cut out elaborate sugar decorations for cakes and desserts,1.7,9.0,6,0.15424597263336182,1,0.815251572327044
knife,Craft tiny wooden animals by carving small pieces of wood,1.7,10.0,8,0.17231488227844238,1,1.6965408805031448
knife,Slice through layers of fabric to create detailed applique designs,1.7,10.0,7,0.1649302840232849,0,0.0
knife,Carve unique patterns on soap bars for creative handwashing,2.0,9.0,7,0.14895862340927124,1,0.8038522012578616
knife,Design custom motifs on stone tiles for mosaic art projects,3.0,10.0,8,0.15530461072921753,1,0.8891509433962264
knife,Carve intricate designs on eggshells for delicate Easter decorations,1.7,9.0,7,0.1470494270324707,1,0.8038522012578616
knife,Sculpt detailed patterns on candles for stylish home decor,2.0,9.0,7,0.1570681929588318,0,0.0
knife,Create personalized cookie cutters by shaping metal strips,2.0,8.0,7,0.1405632495880127,0,0.0
knife,Cut out intricate paper designs for delicate lantern decorations,1.7,9.0,7,0.1370890736579895,1,1.630503144654088
knife,Craft decorative plant labels by cutting shapes from plastic containers,3.0,10.0,8,0.14733803272247314,1,0.8482704402515724
knife,Sculpt mini clay pots for dollhouse miniature gardening,2.0,8.0,7,0.1689203977584839,0,0.0
knife,Design unique marzipan shapes for decorative cake toppers,3.0,8.0,7,0.15607565641403198,0,0.0
knife,Carve miniature wooden furniture pieces for dollhouse projects,1.7,8.0,7,0.15310269594192505,1,0.8038522012578616
knife,Cut out intricate shapes on colored paper to create paper jewelry,1.7,11.0,8,0.12511491775512695,1,1.630503144654088
knife,Craft decorative soap bars by shaping and cutting them,2.0,9.0,6,0.1579563021659851,1,0.8482704402515724
knife,Sculpt mini vegetables out of clay for dollhouse kitchen displays,2.0,10.0,7,0.14872342348098755,0,0.0
knife,Create DIY confetti by cutting colorful paper into tiny pieces,2.0,10.0,8,0.1388210654258728,2,1.6635220125786163
knife,Carve intricate patterns on fruit slices for decorative plates,1.7,9.0,7,0.12774169445037842,1,0.8038522012578616
knife,Design custom wood puzzles by cutting pieces of different shapes,3.0,10.0,8,0.1568658947944641,1,1.6965408805031448
knife,Use it to slice and shape modeling clay for sculpting projects,1.7,11.0,7,0.166062593460083,1,0.7413522012578616
knife,Sculpt mini ice cream toppings by cutting out sugary shapes,2.0,10.0,8,0.15591025352478027,2,1.7503930817610063
knife,Cut out intricate paper designs for delicate greeting cards,1.7,9.0,7,0.139412522315979,1,1.630503144654088
knife,Craft decorative sugar cookies by cutting and shaping dough,1.7,9.0,7,0.15628403425216675,1,0.8482704402515724
rope,Create a DIY hammock for relaxing outdoors  ,1.3,7.0,5,0.2142263650894165,1,0.8672237697307335
rope,Fashion a stylish belt or strap  ,1.3,6.0,4,0.25876784324645996,1,0.8802228412256268
rope,Design a unique plant hanger  ,3.0,5.0,4,0.20073723793029785,1,0.8867223769730733
rope,Construct a makeshift clothesline  ,1.3,4.0,3,0.2179774045944214,0,0.0
rope,Transform into a leash for pet walking  ,1.3,7.0,4,0.23838281631469727,1,0.8802228412256268
rope,Use as a DIY jump rope for exercising  ,1.3,8.0,5,0.23250901699066162,1,1.3277623026926648
rope,Craft a decorative trim for home decor  ,2.0,7.0,5,0.20841985940933228,0,0.0
rope,Fashion a practical handle for a homemade bag  ,2.0,8.0,5,0.19302481412887573,1,0.6638811513463324
rope,Create a tree swing for backyard fun  ,1.3,7.0,5,0.23677247762680054,2,2.605385329619313
rope,Secure items together during transportation  ,1.0,5.0,4,0.2861185669898987,1,0.8310120705663882
rope,Design a sturdy handle for a homemade kettle  ,2.7,8.0,5,0.20458632707595825,0,0.0
rope,Construct a creative curtain tie-back  ,2.0,5.0,4,0.2382456660270691,0,0.0
rope,Fashion a rustic-looking picture frame  ,3.0,5.0,4,0.21715432405471802,0,0.0
rope,Use to create an obstacle course for kids  ,1.7,8.0,5,0.2444729208946228,2,1.5311049210770658
rope,Make a unique jewelry holder  ,2.0,5.0,4,0.21418386697769165,1,0.6638811513463324
rope,Fashion a bohemian-style headband  ,2.0,4.0,3,0.2556564211845398,0,0.0
rope,Create a decorative garland for parties  ,2.0,6.0,4,0.2142115831375122,1,0.8672237697307335
rope,Hang outdoor lights for a cozy ambiance  ,2.7,7.0,5,0.25176459550857544,1,0.8709377901578459
rope,Fashion a stylish keychain  ,2.0,4.0,3,0.24962210655212402,0,0.0
rope,Construct a DIY dog toy  ,2.0,5.0,4,0.22299045324325562,1,0.8802228412256268
rope,Use as a makeshift collar for emergency situations  ,2.7,8.0,5,0.24324238300323486,1,0.6638811513463324
rope,Fashion a decorative trim for a plain shirt  ,2.0,8.0,5,0.2170170545578003,0,0.0
rope,Create a creative cat toy for playtime  ,2.0,7.0,5,0.24427372217178345,1,0.8672237697307335
rope,Fashion a rustic-looking curtain rod  ,2.7,5.0,4,0.19366753101348877,0,0.0
rope,Tie back curtains for a different look  ,2.0,7.0,5,0.24898362159729004,2,1.5506035283194057
rope,Use as a belt for hanging tools  ,2.0,7.0,4,0.23787283897399902,2,2.424326833797586
rope,Construct a durable perimeter for a play area  ,2.3,8.0,5,0.2428349256515503,1,0.8802228412256268
rope,Fashion a DIY ladder for quick access  ,2.3,7.0,5,0.20363056659698486,0,0.0
rope,Create a makeshift handle for a garden bucket  ,2.7,8.0,5,0.19574016332626343,1,0.8672237697307335
rope,Design a unique hair accessory  ,2.7,5.0,4,0.20850855112075806,1,0.8672237697307335
rope,Fashion a DIY dog leash  ,1.3,5.0,4,0.2175436019897461,1,1.7604456824512535
rope,Use as a makeshift belt in emergencies  ,1.3,7.0,4,0.23701035976409912,2,1.544103992571959
rope,Craft a decorative wall hanging  ,2.0,5.0,4,0.2233174443244934,2,1.544103992571959
rope,Construct a portable handle for a picnic basket  ,2.7,8.0,5,0.21114838123321533,0,0.0
rope,Make a creative bookmark for your favorite book  ,2.7,8.0,5,0.2946971654891968,1,0.6638811513463324
rope,Fashion a DIY napkin ring  ,2.7,5.0,4,0.20707648992538452,1,0.8310120705663882
rope,Design a makeshift curtain rod  ,2.7,5.0,4,0.1907951831817627,0,0.0
rope,Create a sturdy carrying strap for a bag  ,1.3,8.0,5,0.21333616971969604,2,1.5311049210770658
rope,Fashion a boho-style necklace  ,2.0,4.0,3,0.24399083852767944,0,0.0
rope,Use as a safety line for outdoor adventures  ,1.0,8.0,5,0.23163849115371704,1,0.6638811513463324
rope,Construct a creative cat scratching post  ,2.7,6.0,5,0.25733107328414917,0,0.0
rope,Design a makeshift towel holder  ,2.7,5.0,4,0.1953461766242981,0,0.0
rope,Craft a unique plant support  ,2.0,5.0,4,0.2523748278617859,0,0.0
rope,Fashion a rustic-looking chandelier  ,3.3,4.0,3,0.24013608694076538,0,0.0
rope,Create a DIY steering wheel cover  ,3.3,6.0,5,0.21162265539169312,1,0.8672237697307335
rope,Use as a makeshift seatbelt  ,1.3,5.0,3,0.2447933554649353,1,0.6638811513463324
rope,Fashion a decorative handle for a fan  ,2.7,7.0,4,0.1956513524055481,0,0.0
rope,Construct a makeshift swing for relaxation  ,2.0,6.0,4,0.20875567197799683,1,0.8672237697307335
rope,Design a unique table runner  ,2.7,5.0,4,0.21293050050735474,0,0.0
rope,Craft a DIY curtain tie  ,2.0,5.0,4,0.219016432762146,1,0.6638811513463324
rope,Fashion a stylish bookmark  ,2.7,4.0,3,0.25463247299194336,0,0.0
rope,Use as a makeshift leash for ducks  ,2.7,7.0,4,0.24744975566864014,2,1.544103992571959
rope,Create a versatile prop for a theatrical performance  ,1.7,8.0,5,0.24610143899917603,1,0.8672237697307335
rope,Fashion a makeshift handle for a kettlebell  ,3.0,7.0,4,0.1993551254272461,0,0.0
rope,Construct a creative bug barrier  ,2.7,5.0,4,0.2859192490577698,0,0.0
rope,Design a makeshift shoe lace  ,1.7,5.0,4,0.18490266799926758,0,0.0
rope,Craft a DIY trellis for climbing plants  ,2.7,7.0,5,0.2021123766899109,1,0.8310120705663882
rope,Fashion a rustic-looking wall-mounted pot holder  ,3.0,6.0,5,0.20666974782943726,0,0.0
rope,Create a decorative trim for backpacks  ,2.0,6.0,4,0.1936284303665161,1,0.8672237697307335
rope,Use as a makeshift belt to hold up pants  ,1.3,9.0,5,0.24315011501312256,2,2.2079851439182914
rope,Fashion a bohemian-style curtain tie-back  ,2.7,5.0,4,0.25034403800964355,0,0.0
rope,Construct a makeshift climbing wall for kids  ,1.7,7.0,5,0.22469979524612427,2,1.4948932219127204
rope,Design a DIY light switch pull  ,2.7,6.0,5,0.2132381796836853,1,0.6638811513463324
rope,Craft a unique curtain rod finial  ,3.0,6.0,5,0.22949177026748657,0,0.0
rope,Fashion a woven coasters set  ,2.7,5.0,4,0.21901440620422363,0,0.0
rope,Use as a makeshift handle for a toolbox  ,2.7,8.0,4,0.24552398920059204,1,0.6638811513463324
rope,Create a rustic curtain valance  ,2.7,5.0,4,0.23722058534622192,1,0.8672237697307335
rope,Fashion a unique belt for a dress  ,1.3,7.0,4,0.21359163522720337,1,0.8802228412256268
rope,Construct a makeshift targeting line for archery  ,2.7,7.0,5,0.2457241415977478,0,0.0
rope,Design a decorative wall tapestry  ,2.7,5.0,4,0.2507953643798828,1,0.6638811513463324
rope,Craft a DIY handle for a serving tray  ,2.7,8.0,5,0.2205747365951538,0,0.0
rope,Fashion a rustic-looking wind chime  ,2.7,5.0,4,0.22559314966201782,0,0.0
rope,Use as a makeshift belt in a wilderness survival situation  ,1.3,10.0,6,0.24457424879074097,2,1.544103992571959
rope,Fashion a boho-style curtain tie  ,2.7,5.0,4,0.2411893606185913,1,0.6638811513463324
rope,Create a practical handle for a gardening tool  ,2.7,8.0,5,0.20672589540481567,1,0.8672237697307335
rope,Construct a makeshift skipping rope for kids  ,1.3,7.0,5,0.22201889753341675,0,0.0
rope,Design a unique plant hanger for indoor spaces  ,2.7,8.0,6,0.20802175998687744,1,0.8867223769730733
rope,Craft a versatile rope ladder  ,2.0,5.0,4,0.23919880390167236,0,0.0
rope,Fashion a stylish trivet  ,3.3,4.0,3,0.25892335176467896,0,0.0
rope,Use as a makeshift hanging rack for clothing  ,2.7,8.0,5,0.23021453619003296,3,2.4113277623026925
rope,Create a decorative trim for throw pillows  ,2.7,7.0,5,0.19554418325424194,1,0.8672237697307335
rope,Fashion a bohemian-style room divider  ,3.0,5.0,4,0.23779147863388062,0,0.0
rope,Construct a DIY picture hanging system  ,2.0,6.0,5,0.21911877393722534,1,0.8802228412256268
rope,Design a unique handle for a drawer  ,2.7,7.0,4,0.22537076473236084,0,0.0
rope,Craft a makeshift prop for a theatrical play  ,2.0,8.0,5,0.227508544921875,1,0.8802228412256268
rope,Fashion a rustic-looking jewelry organizer  ,2.7,5.0,4,0.21553164720535278,0,0.0
rope,Use as a makeshift garment steamer holder  ,3.0,7.0,5,0.22953885793685913,1,0.6638811513463324
rope,Fashion a chic curtain tie for a stylish touch,2.0,9.0,6,0.2797276973724365,1,0.6638811513463324
