prompt,response,originality,elaboration
brick,Use it as a bookend for your shelves,1.0,8.0
brick,Paint and decorate it to use as a doorstop,2.0,9.0
brick,Create a makeshift dumbbell for light workouts,1.7,7.0
brick,Turn it into a unique paperweight for your desk,1.7,9.0
brick,Stack a few as a plant stand in the garden,2.0,10.0
brick,Use it as a hammer for light DIY projects,2.0,9.0
brick,Construct a mini BBQ pit in your backyard,2.0,8.0
brick,Shape it into a soap dish for the bathroom,3.0,9.0
brick,Use it as a makeshift doorstop,1.0,6.0
brick,Create a rustic key holder using a brick and hooks,3.0,10.0
brick,Build a small step stool for reaching high places,1.0,9.0
brick,Turn it into a mini herb garden marker,3.0,8.0
brick,Use it as a door holder to keep doors open,1.0,10.0
brick,Fashion it into a unique book stand,2.0,7.0
brick,Turn it into a simple doorstop for drafty doors,1.0,9.0
brick,Decorate it and use it as a table centerpiece,2.0,9.0
brick,Create a base for a DIY outdoor lamp,2.0,8.0
brick,Wrap it in fabric to make a pin cushion,3.0,9.0
brick,Fashion it into a unique picture frame,3.0,7.0
brick,Use it to prop open a window,1.0,7.0
brick,Turn it into a smartphone holder for watching videos,3.0,9.0
brick,Create a decorative wall hook for coats or keys,2.0,9.0
brick,Use it to weight down a tarp or sheet,1.5,9.0
brick,Build a mini wishing well for the garden,2.0,8.0
brick,Use it as a base for a DIY bird feeder,2.0,10.0
brick,Turn it into a rustic door knocker,2.0,7.0
brick,Create a unique bookshelf by stacking them,2.0,7.0
brick,Use it as a footrest under your desk,1.7,8.0
brick,Fashion it into a napkin holder for outdoor dining,3.0,9.0
brick,Turn it into a makeshift bookend for your nightstand,2.0,9.0
brick,Build a small platform for displaying sculptures or plants,1.5,9.0
brick,Use it to prop up a sagging fence post,1.0,9.0
brick,Turn it into a rustic photo frame,3.0,7.0
brick,Stack a few as a rustic candle holder,3.0,8.0
brick,Create a unique coat rack by attaching hooks,2.0,8.0
brick,Use it as a makeshift weight for exercising,1.0,8.0
brick,Fashion it into a makeshift door knocker,2.0,7.0
brick,Turn it into a DIY bookshelf divider,2.0,7.0
brick,Build a mini bookend for your favorite novels,2.0,8.0
brick,Use it as a stand for a small potted plant,2.0,10.0
brick,Create a rustic napkin holder for outdoor picnics,3.0,8.0
brick,Turn it into a unique pen holder for your desk,2.0,10.0
brick,Stack a few as a base for a makeshift side table,2.0,11.0
brick,Use it as a unique paper towel holder in the kitchen,3.0,11.0
brick,Turn it into a doorstop for heavy doors,1.0,8.0
brick,Create a mini pathway border in the garden,1.0,8.0
brick,Use it as a platform for displaying art pieces,3.0,9.0
brick,Turn it into a rustic wall hook for hats or bags,3.0,11.0
brick,Build a mini garden wall with stacked bricks,1.0,8.0
brick,Use it as a weight for pressing flowers,3.0,8.0
brick,Fashion it into a quirky book stand,3.0,7.0
brick,Turn it into a doorstop for breezy days,1.0,8.0
brick,Create a mini stair step for reaching high shelves,1.7,9.0
brick,Use it as a rustic garden marker for plants,2.0,9.0
brick,Build a small bookshelf for your favorite reads,1.7,8.0
brick,Turn it into a unique photo holder for memories,3.0,9.0
brick,Stack a few as a base for a unique table lamp,3.0,11.0
brick,Use it as a paperweight to keep papers in place,1.0,10.0
brick,Fashion it into a rustic coat hanger,3.0,7.0
brick,Turn it into a small plant stand for indoor greenery,3.0,10.0
brick,Create a base for a DIY outdoor candle holder,3.0,9.0
brick,Use it as a makeshift bookend for cookbooks,2.0,8.0
brick,Turn it into a rustic key holder for the entryway,3.0,10.0
brick,Build a mini garden border with stacked bricks,1.0,8.0
brick,Use it as a doorstop to prevent slamming doors,1.0,9.0
brick,Turn it into a unique book holder for bedtime reading,3.0,10.0
brick,Fashion it into a quirky plant pot holder,2.0,8.0
brick,Stack a few as a base for a decorative vase,2.0,10.0
brick,Use it as a makeshift weight for yoga stretches,2.0,9.0
brick,Create a mini fountain base for your garden,2.0,8.0
brick,Turn it into a unique jewelry display stand,3.0,8.0
brick,Build a small platform for a mini garden sculpture,2.0,9.0
brick,Use it as a rustic garden border for plants,1.0,9.0
brick,Fashion it into a quirky doorstop for a playful touch,2.0,10.0
brick,Turn it into a rustic paper towel holder for the kitchen,3.0,11.0
brick,Stack a few as a base for a DIY centerpiece,2.0,10.0
brick,Use it as a doorstop to hold open doors securely.,1.0,10.0
box,Turn it into a mini herb garden by adding soil and seeds.  ,2.7,12.0
box,Create a DIY pinhole camera for unique photos.  ,3.0,8.0
box,Cut into strips and use as improvised bookmarks.  ,3.0,8.0
box,Transform it into a makeshift drum with a balloon skin.  ,3.0,10.0
box,Use as a base for crafting a DIY bird feeder.  ,2.0,10.0
box,Repurpose as a storage container for holiday ornaments.  ,1.3,8.0
box,Convert into a stylish wall-mounted shelf with a fresh coat of paint.  ,2.0,12.0
box,Design a mini puppet theater for storytelling fun.  ,3.0,8.0
box,Fashion it into a personalized memory box with photos and mementos.  ,1.7,11.0
box,Craft a chic jewelry organizer by adding hooks and compartments.  ,2.0,10.0
box,Construct a maze for a pet hamster to explore and play in.  ,3.0,12.0
box,Cut out shapes to create unique stencils for art projects.  ,3.0,10.0
box,Create a miniature kitchen garden by planting herbs inside.  ,3.0,9.0
box,Construct a fun toy car for kids with added wheels and decorations.  ,2.0,12.0
box,Use as a mold to make homemade soap or candles.  ,2.0,10.0
box,Turn it into a decorative wall-mounted shadow box for trinkets.  ,2.0,10.0
box,Fashion a phone projector by adding a magnifying lens and phone holder.  ,3.3,12.0
box,Convert into a cozy pet bed with added padding and fabric.  ,2.0,11.0
box,Transform into a DIY cat scratching post with ropes and sisal twine.  ,3.0,12.0
box,Use as a base for a DIY tabletop terrarium garden.  ,3.0,10.0
box,Cut and fold into unique origami shapes for decoration.  ,3.0,9.0
box,Create a nesting box for birds with appropriate openings.  ,2.7,9.0
box,Turn it into a portable art kit with compartments for supplies.  ,2.0,11.0
box,Fashion it into a custom drawer organizer for small items.  ,2.0,10.0
box,Use as a base for a DIY solar oven experiment.  ,3.3,10.0
box,Transform into a unique party invitation with added decorations.  ,2.7,9.0
box,Fashion a playful maze game for kids to navigate through.  ,3.3,10.0
box,Create a mini greenhouse by adding a clear plastic lid.  ,3.3,10.0
box,Turn it into a handy toolbox with added compartments and dividers.  ,2.0,11.0
box,Use as a base for a DIY clock with added clock hands and numbers.  ,3.0,14.0
box,Transform into a handy outdoor plant holder.  ,2.0,7.0
box,Create a DIY pinata for a festive party.  ,2.0,8.0
box,Fashion it into a DIY tabletop foosball game.  ,3.3,8.0
box,Convert into a mini playhouse for kids with added windows and doors.  ,1.7,12.0
box,Use as a unique gift wrapping idea with added decorations.  ,1.7,10.0
box,Transform into a makeshift lap desk for comfortable working.  ,2.0,9.0
box,Cut and fold into a 3D paper sculpture for art display.  ,3.0,11.0
box,Fashion it into a DIY birdhouse for feathered friends.  ,2.0,9.0
box,Turn it into a shadow puppet theater for storytelling fun.  ,3.0,10.0
box,Create a hanging mobile with cut-out shapes.  ,3.3,7.0
box,Repurpose into a rustic planter box for flowers or herbs.  ,2.0,10.0
box,Transform into a DIY board game with custom rules and pieces.  ,3.0,11.0
box,Fashion it into a toy car garage for kids' imaginative play.  ,2.0,11.0
box,Use as a base for a custom DIY wall clock with unique designs.  ,3.3,13.0
box,Construct a miniature model house for a school project.  ,2.0,9.0
box,Turn it into a DIY piggy bank with a slit for coins.  ,2.0,12.0
box,Create a unique memory game with cut-out matching shapes.  ,3.0,9.0
box,Repurpose as a quirky lampshade with creative cut-outs.  ,3.0,8.0
box,Transform into a mini Christmas village with added decorations.  ,3.0,9.0
box,Use as a base for a DIY photo frame with added embellishments.  ,2.7,12.0
box,Fashion it into a pet tunnel for cats' entertainment.  ,2.0,9.0
box,Convert into a miniature dollhouse with added furniture and decor.  ,2.0,10.0
box,Turn it into a cozy pet cave with a soft lining.  ,2.0,11.0
box,Create a DIY jewelry display with hooks and compartments.  ,2.0,9.0
box,Repurpose as a playful maze for a pet gerbil.  ,3.0,9.0
box,Transform into a mini greenhouse with plastic sheeting.  ,3.0,8.0
box,Fashion it into a customizable memory game with photos.  ,3.3,9.0
box,Use as a base for a DIY terrarium garden with succulents.  ,3.0,11.0
box,Construct a makeshift bird feeder with openings for food.  ,2.7,9.0
box,Turn it into a whimsical fairy house with added decorations.  ,3.0,10.0
box,Convert into a unique pencil holder for the desk.  ,1.7,9.0
box,Create a shadow puppet theater for creative storytelling.  ,3.0,8.0
box,Repurpose as a DIY plant stand for indoor gardening.  ,2.0,9.0
box,Transform into a playful puppet theater for kids.  ,2.7,8.0
box,Use as a base for a miniature zen garden with sand and rocks.  ,3.3,13.0
box,Fashion it into a DIY tissue box cover with fabric.  ,2.0,10.0
box,Construct a mini toy chest for organizing children's toys.  ,1.3,9.0
box,Turn it into an art piece by painting or decorating it creatively.  ,2.0,12.0
box,Convert into a DIY pet bed with soft padding and fabric.  ,2.0,11.0
box,Create a tabletop game board with a personalized theme.  ,3.0,9.0
box,Repurpose as a unique gift box with handmade decorations.  ,1.7,9.0
box,Transform into a mini pet house for small animals.  ,1.7,9.0
box,Fashion it into a glittery treasure chest for kids' play.  ,2.0,10.0
box,Use as a base for a DIY bird feeder with perches and roofs.  ,3.3,13.0
box,Cut and fold into a mini paper village for decorations.  ,3.0,10.0
box,Create a makeshift projector for a smartphone using a magnifying glass.  ,3.0,11.0
box,Repurpose as a cute gift packaging with personalized touches.  ,1.7,9.0
box,Transform into a faux fireplace by adding paper flames and logs.  ,3.3,11.0
box,Convert into a stylish magazine holder with added dividers.  ,2.0,9.0
box,Turn it into a play kitchen for kids with added knobs and doors.  ,2.0,13.0
box,Design a unique advent calendar with hidden compartments.  ,3.0,8.0
box,Use as a base for a DIY dollhouse with miniature furniture.  ,2.0,11.0
box,Construct a mini cardboard castle for imaginative play.  ,2.0,8.0
knife,Use it to carve intricate designs on fruit sculptures,1.7,9.0
knife,Create a mini zen rock garden by etching patterns in sand,3.0,11.0
knife,Design unique patterns on candles by carving them,2.0,8.0
knife,Craft custom wooden spoons or utensils with detailed carvings,1.7,9.0
knife,Transform it into a DIY leather crafting tool for intricate patterns,2.0,11.0
knife,Use it to shape and sculpt clay for pottery projects,1.7,10.0
knife,Make personalized stamps using the blade by carving into rubber erasers,3.0,11.0
knife,Create a stunning mosaic by cutting and arranging colored tiles,3.0,10.0
knife,Carve your own intricate rubber stamps for printing on fabric or paper,2.0,12.0
knife,Slice through layers of paper to create intricate greeting cards or art pieces,1.7,13.0
knife,Customize plain notebooks by cutting out unique designs on the covers,3.0,11.0
knife,Make custom stencils for painting patterns on walls or furniture,3.0,10.0
knife,Use it to carefully cut out intricate snowflakes for winter decorations,2.0,11.0
knife,Craft unique jewelry by cutting and shaping various materials,2.0,9.0
knife,Form intricate linocut prints for creating handmade artwork,2.0,8.0
knife,Sculpt mini wooden figures for dioramas or model-making projects,1.7,9.0
knife,Customize clothing by creating unique fabric patterns or distressing denim,2.0,10.0
knife,Sculpt mini ice sculptures for a fancy dinner party centerpiece,1.7,10.0
knife,Cut out precise shapes in leather for handmade wallets or accessories,1.0,11.0
knife,Craft intricate lace designs on paper for handmade cards or decorations,2.0,11.0
knife,Carve detailed designs on wooden coasters for a personalized touch,1.7,10.0
knife,Use it to sharpen pencils to a precise point for detailed drawings,1.7,12.0
knife,Create textured patterns on clay pots or planters for a unique garden display,2.0,13.0
knife,Design delicate paper cutouts for elegant window decorations,2.0,8.0
knife,Cut out intricate shapes in fabric to patchwork together for quilting projects,1.3,12.0
knife,Carve decorative designs on wooden picture frames for a customized look,1.7,11.0
knife,Transform old candles into new shapes by sculpting with the blade,3.0,11.0
knife,Create detailed paper quilling designs for unique wall art,3.0,9.0
knife,Use it to slice and dice old magazines to create a collage masterpiece,2.0,13.0
knife,Sculpt figurines out of soap bars for homemade gifts,1.7,9.0
knife,Cut intricate designs into foam to make custom stamps for printing,2.0,11.0
knife,Craft personalized keychains by cutting and etching designs into metal,2.0,10.0
knife,Create detailed patterns on soap bars for decorative bathroom pieces,2.0,10.0
knife,Cut out intricate paper snowflakes for festive window decorations,1.7,9.0
knife,Sculpt mini clay figurines for fairy gardens or terrarium displays,2.0,10.0
knife,Design custom rubber stamps by carving into erasers or craft foam,3.0,11.0
knife,Carve personalized initials into wooden items for a unique touch,1.0,10.0
knife,Craft wooden puzzle pieces by cutting out various shapes,2.0,9.0
knife,Make intricate bookmarks by cutting and designing paper shapes,3.0,9.0
knife,Sculpt mini ice cubes into decorative shapes for fancy drinks,2.0,10.0
knife,Cut out elaborate sugar decorations for cakes and desserts,1.7,9.0
knife,Craft tiny wooden animals by carving small pieces of wood,1.7,10.0
knife,Slice through layers of fabric to create detailed applique designs,1.7,10.0
knife,Carve unique patterns on soap bars for creative handwashing,2.0,9.0
knife,Design custom motifs on stone tiles for mosaic art projects,3.0,10.0
knife,Carve intricate designs on eggshells for delicate Easter decorations,1.7,9.0
knife,Sculpt detailed patterns on candles for stylish home decor,2.0,9.0
knife,Create personalized cookie cutters by shaping metal strips,2.0,8.0
knife,Cut out intricate paper designs for delicate lantern decorations,1.7,9.0
knife,Craft decorative plant labels by cutting shapes from plastic containers,3.0,10.0
knife,Sculpt mini clay pots for dollhouse miniature gardening,2.0,8.0
knife,Design unique marzipan shapes for decorative cake toppers,3.0,8.0
knife,Carve miniature wooden furniture pieces for dollhouse projects,1.7,8.0
knife,Cut out intricate shapes on colored paper to create paper jewelry,1.7,11.0
knife,Craft decorative soap bars by shaping and cutting them,2.0,9.0
knife,Sculpt mini vegetables out of clay for dollhouse kitchen displays,2.0,10.0
knife,Create DIY confetti by cutting colorful paper into tiny pieces,2.0,10.0
knife,Carve intricate patterns on fruit slices for decorative plates,1.7,9.0
knife,Design custom wood puzzles by cutting pieces of different shapes,3.0,10.0
knife,Use it to slice and shape modeling clay for sculpting projects,1.7,11.0
knife,Sculpt mini ice cream toppings by cutting out sugary shapes,2.0,10.0
knife,Cut out intricate paper designs for delicate greeting cards,1.7,9.0
knife,Craft decorative sugar cookies by cutting and shaping dough,1.7,9.0
knife,Carve detailed designs on soap bars for decorative bathroom pieces,1.7,10.0
knife,Create personalized keychains by cutting and etching designs into metal,3.0,10.0
knife,Cut out intricate paper snowflakes for festive window decorations,1.7,9.0
knife,Sculpt mini clay figurines for fairy gardens or terrarium displays,2.0,10.0
knife,Design custom rubber stamps by carving into erasers or craft foam,3.0,11.0
knife,Carve personalized initials into wooden items for a unique touch,1.0,10.0
knife,Craft wooden puzzle pieces by cutting out various shapes,2.0,9.0
knife,Make intricate bookmarks by cutting and designing paper shapes,3.0,9.0
knife,Sculpt mini ice cubes into decorative shapes for fancy drinks,2.0,10.0
knife,Cut out elaborate sugar decorations for cakes and desserts,1.7,9.0
knife,Craft tiny wooden animals by carving small pieces of wood,1.7,10.0
knife,Slice through layers of fabric to create detailed applique designs,1.7,10.0
knife,Carve unique patterns on soap bars for creative handwashing,2.0,9.0
knife,Design custom motifs on stone tiles for mosaic art projects,3.0,10.0
knife,Carve intricate designs on eggshells for delicate Easter decorations,1.7,9.0
knife,Sculpt detailed patterns on candles for stylish home decor,2.0,9.0
knife,Create personalized cookie cutters by shaping metal strips,2.0,8.0
knife,Cut out intricate paper designs for delicate lantern decorations,1.7,9.0
knife,Craft decorative plant labels by cutting shapes from plastic containers,3.0,10.0
knife,Sculpt mini clay pots for dollhouse miniature gardening,2.0,8.0
knife,Design unique marzipan shapes for decorative cake toppers,3.0,8.0
knife,Carve miniature wooden furniture pieces for dollhouse projects,1.7,8.0
knife,Cut out intricate shapes on colored paper to create paper jewelry,1.7,11.0
knife,Craft decorative soap bars by shaping and cutting them,2.0,9.0
knife,Sculpt mini vegetables out of clay for dollhouse kitchen displays,2.0,10.0
knife,Create DIY confetti by cutting colorful paper into tiny pieces,2.0,10.0
knife,Carve intricate patterns on fruit slices for decorative plates,1.7,9.0
knife,Design custom wood puzzles by cutting pieces of different shapes,3.0,10.0
knife,Use it to slice and shape modeling clay for sculpting projects,1.7,11.0
knife,Sculpt mini ice cream toppings by cutting out sugary shapes,2.0,10.0
knife,Cut out intricate paper designs for delicate greeting cards,1.7,9.0
knife,Craft decorative sugar cookies by cutting and shaping dough,1.7,9.0
rope,Create a DIY hammock for relaxing outdoors  ,1.3,7.0
rope,Fashion a stylish belt or strap  ,1.3,6.0
rope,Design a unique plant hanger  ,3.0,5.0
rope,Construct a makeshift clothesline  ,1.3,4.0
rope,Transform into a leash for pet walking  ,1.3,7.0
rope,Use as a DIY jump rope for exercising  ,1.3,8.0
rope,Craft a decorative trim for home decor  ,2.0,7.0
rope,Fashion a practical handle for a homemade bag  ,2.0,8.0
rope,Create a tree swing for backyard fun  ,1.3,7.0
rope,Secure items together during transportation  ,1.0,5.0
rope,Design a sturdy handle for a homemade kettle  ,2.7,8.0
rope,Construct a creative curtain tie-back  ,2.0,5.0
rope,Fashion a rustic-looking picture frame  ,3.0,5.0
rope,Use to create an obstacle course for kids  ,1.7,8.0
rope,Make a unique jewelry holder  ,2.0,5.0
rope,Fashion a bohemian-style headband  ,2.0,4.0
rope,Create a decorative garland for parties  ,2.0,6.0
rope,Hang outdoor lights for a cozy ambiance  ,2.7,7.0
rope,Fashion a stylish keychain  ,2.0,4.0
rope,Construct a DIY dog toy  ,2.0,5.0
rope,Use as a makeshift collar for emergency situations  ,2.7,8.0
rope,Fashion a decorative trim for a plain shirt  ,2.0,8.0
rope,Create a creative cat toy for playtime  ,2.0,7.0
rope,Fashion a rustic-looking curtain rod  ,2.7,5.0
rope,Tie back curtains for a different look  ,2.0,7.0
rope,Use as a belt for hanging tools  ,2.0,7.0
rope,Construct a durable perimeter for a play area  ,2.3,8.0
rope,Fashion a DIY ladder for quick access  ,2.3,7.0
rope,Create a makeshift handle for a garden bucket  ,2.7,8.0
rope,Design a unique hair accessory  ,2.7,5.0
rope,Fashion a DIY dog leash  ,1.3,5.0
rope,Use as a makeshift belt in emergencies  ,1.3,7.0
rope,Craft a decorative wall hanging  ,2.0,5.0
rope,Construct a portable handle for a picnic basket  ,2.7,8.0
rope,Make a creative bookmark for your favorite book  ,2.7,8.0
rope,Fashion a DIY napkin ring  ,2.7,5.0
rope,Design a makeshift curtain rod  ,2.7,5.0
rope,Create a sturdy carrying strap for a bag  ,1.3,8.0
rope,Fashion a boho-style necklace  ,2.0,4.0
rope,Use as a safety line for outdoor adventures  ,1.0,8.0
rope,Construct a creative cat scratching post  ,2.7,6.0
rope,Design a makeshift towel holder  ,2.7,5.0
rope,Craft a unique plant support  ,2.0,5.0
rope,Fashion a rustic-looking chandelier  ,3.3,4.0
rope,Create a DIY steering wheel cover  ,3.3,6.0
rope,Use as a makeshift seatbelt  ,1.3,5.0
rope,Fashion a decorative handle for a fan  ,2.7,7.0
rope,Construct a makeshift swing for relaxation  ,2.0,6.0
rope,Design a unique table runner  ,2.7,5.0
rope,Craft a DIY curtain tie  ,2.0,5.0
rope,Fashion a stylish bookmark  ,2.7,4.0
rope,Use as a makeshift leash for ducks  ,2.7,7.0
rope,Create a versatile prop for a theatrical performance  ,1.7,8.0
rope,Fashion a makeshift handle for a kettlebell  ,3.0,7.0
rope,Construct a creative bug barrier  ,2.7,5.0
rope,Design a makeshift shoe lace  ,1.7,5.0
rope,Craft a DIY trellis for climbing plants  ,2.7,7.0
rope,Fashion a rustic-looking wall-mounted pot holder  ,3.0,6.0
rope,Create a decorative trim for backpacks  ,2.0,6.0
rope,Use as a makeshift belt to hold up pants  ,1.3,9.0
rope,Fashion a bohemian-style curtain tie-back  ,2.7,5.0
rope,Construct a makeshift climbing wall for kids  ,1.7,7.0
rope,Design a DIY light switch pull  ,2.7,6.0
rope,Craft a unique curtain rod finial  ,3.0,6.0
rope,Fashion a woven coasters set  ,2.7,5.0
rope,Use as a makeshift handle for a toolbox  ,2.7,8.0
rope,Create a rustic curtain valance  ,2.7,5.0
rope,Fashion a unique belt for a dress  ,1.3,7.0
rope,Construct a makeshift targeting line for archery  ,2.7,7.0
rope,Design a decorative wall tapestry  ,2.7,5.0
rope,Craft a DIY handle for a serving tray  ,2.7,8.0
rope,Fashion a rustic-looking wind chime  ,2.7,5.0
rope,Use as a makeshift belt in a wilderness survival situation  ,1.3,10.0
rope,Fashion a boho-style curtain tie  ,2.7,5.0
rope,Create a practical handle for a gardening tool  ,2.7,8.0
rope,Construct a makeshift skipping rope for kids  ,1.3,7.0
rope,Design a unique plant hanger for indoor spaces  ,2.7,8.0
rope,Craft a versatile rope ladder  ,2.0,5.0
rope,Fashion a stylish trivet  ,3.3,4.0
rope,Use as a makeshift hanging rack for clothing  ,2.7,8.0
rope,Create a decorative trim for throw pillows  ,2.7,7.0
rope,Fashion a bohemian-style room divider  ,3.0,5.0
rope,Construct a DIY picture hanging system  ,2.0,6.0
rope,Design a unique handle for a drawer  ,2.7,7.0
rope,Craft a makeshift prop for a theatrical play  ,2.0,8.0
rope,Fashion a rustic-looking jewelry organizer  ,2.7,5.0
rope,Use as a makeshift garment steamer holder  ,3.0,7.0
rope,Fashion a chic curtain tie for a stylish touch,2.0,9.0
